theme,count
恋爱,42
二次元,27
陪伴,18
漫展,17
高达,17
反差,17
AI,16
颜值,14
现实,14
回忆,13
JK,12
情绪价值,12
金钱,12
审美,11
彩礼,11
双标,11
爱情,11
拒绝,11
尊重,10
上海,10
青春,10
自信,10
刻板印象,10
吸引力,9
讽刺,9
Cosplay,9
偏见,9
社交,9
快乐,9
身高,8
舔狗,8
角色扮演,8
女生,7
人性,7
真实,7
体验,7
包容,7
虚伪,7
信任,6
沟通,6
伪装,6
性癖,6
运气,6
救赎,6
背叛,6
躺平,6
误解,6
女性,6
本能,6
择偶,6
自由,6
玄学,6
美少女,6
真心,6
亲密,6
喜欢,5
自私,5
婚姻,5
幽默,5
制服,5
cosplay,5
吐槽,5
恶作剧,5
情感操控,5
外貌,5
恐惧,5
消费观,5
富二代,5
叛逆,5
幻想,5
自我价值,5
分手,5
妥协,5
虚荣,5
互动,5
焦虑,5
自我认知,5
平等,5
爱,5
PUA,5
劝退,4
杀猪盘,4
独立,4
关系,4
富家女,4
善良,4
安全感,4
战争,4
变态,4
刺激,4
择偶观,4
性格,4
对比,4
搭讪,4
算计,4
利益,4
歧视,4
困惑,4
评价,4
尴尬,4
暧昧,4
随性,4
有趣,4
真爱,4
价值,4
创业,4
真相,4
性别对立,4
身材,4
宅男,4
油腻,4
日本,4
无奈,4
借口,4
亲情,4
误会,4
身份认同,4
性瘾,4
炫耀,4
早恋,4
感动,4
生活,4
纹身,4
热爱,4
coser,4
细节,4
大小姐,4
司机,4
择偶标准,4
善意,4
性别差异,4
嫖娼,3
角色塑造,3
NTR,3
效率,3
贫穷,3
孤独,3
坦诚,3
去责任化,3
自我,3
体育生,3
反讽,3
荒诞,3
性压抑,3
接盘,3
体力,3
反差萌,3
恋爱观,3
性价比,3
父母,3
社会规训,3
肉体,3
边界,3
成长,3
不婚,3
二创,3
自我中心,3
认知偏差,3
男娘,3
边界感,3
厌恶,3
自我感动,3
骚扰,3
撒娇,3
独生子女,3
释怀,3
年龄焦虑,3
傲慢,3
自我反思,3
未成年,3
魅力,3
人情世故,3
渣男,3
自嘲,3
搞笑,3
暴力,3
性别,3
模特,3
母亲,3
双向奔赴,3
富婆,3
年轻,3
姐姐,3
识人,3
高中恋爱,3
幼稚,3
轻松,3
拒绝内耗,3
破防,3
共鸣,3
传承,3
理解,3
UC,3
情绪稳定,3
控制,3
甜蜜,3
反转,3
天赋,3
后宫,3
心理,3
青梅竹马,3
cos,3
打脸,3
经济独立,3
道德,3
坚持,3
性张力,3
个人自由,3
情感价值,3
童年,3
遗憾,3
酒店,3
控制欲,3
空虚,3
伴侣,3
占有,3
欺骗,3
结婚,3
战绩,3
性,3
情感勒索,3
感情,3
廉价,3
亲密关系,3
矛盾,3
双重标准,3
处女情结,3
外卖员,3
及时止损,3
纯爱,3
道德绑架,3
打印,2
骗局,2
教育,2
现实映射,2
女友,2
辅助,2
女性向,2
设计,2
商业,2
堕落,2
利益至上,2
灵活变通,2
避免冲突,2
私生活,2
中二,2
洒脱,2
代价,2
男性魅力,2
松弛感,2
自我关注,2
自我牺牲,2
残酷现实,2
搏斗,2
受伤,2
冷漠,2
漂亮,2
征服,2
承诺,2
德牧,2
流浪,2
保护,2
责任,2
历史,2
探险,2
春节,2
准备,2
氛围,2
疯批,2
毁灭,2
南京大屠杀,2
家庭悲剧,2
受害者,2
死宅,2
少年感,2
龟男,2
稳定,2
海边,2
性幻想,2
双向吸引,2
体味,2
角色,2
忠诚度,2
炎上,2
边牧,2
帅气,2
容错率,2
荒谬,2
人缘,2
放下包袱,2
追女生,2
双马尾,2
真诚,2
反感,2
健康,2
愉悦,2
宠溺,2
花钱,2
克苏鲁,2
说教,2
爹味,2
少女,2
人际关系,2
忠诚,2
同居,2
年龄,2
筛选,2
能力,2
大龄女性,2
无效,2
自然相处,2
前女友,2
圈,2
三观,2
自我关怀,2
靠谱,2
陷阱,2
失败,2
怀疑,2
科普,2
态度,2
家务,2
无解,2
努力,2
交易,2
处女,2
嫉妒,2
乐观,2
信息茧房,2
标签,2
痛苦,2
挥霍,2
傲娇,2
物化女性,2
浙江,2
婚恋观,2
直男,2
小丑,2
短发,2
自我接纳,2
拒绝供养,2
性需求,2
建议,2
错觉,2
拒绝说教,2
黑丝,2
落差,2
自我怀疑,2
尊严,2
盲目自信,2
现实反差,2
觉醒,2
零花钱,2
霸凌,2
压制,2
治愈,2
付出,2
AA,2
制,2
拒绝套路,2
乖乖女,2
小恶魔,2
调侃,2
隐私,2
空间,2
生存压力,2
替代,2
惬意,2
父亲,2
上头,2
阶层差异,2
幽默感,2
老二次元,2
受欢迎,2
打扮,2
反思,2
仪式感,2
抽烟,2
惩罚,2
反抗,2
父子,2
节奏,2
自然,2
男性,2
动画,2
入坑,2
顺其自然,2
宇宙骑士,2
政治正确,2
友谊,2
训练,2
历史包袱,2
消费观念,2
男闺蜜,2
搭子,2
模特班,2
兼职,2
家庭责任,2
礼貌,2
喜爱,2
拜金,2
朋友,2
纯粹,2
白瘦幼,2
脂包骨,2
旅行,2
社恐,2
反向付出,2
收藏,2
主动,2
依赖,2
羞辱,2
援交,2
经营,2
抗风险,2
制造业,2
商业逻辑,2
肉欲,2
CP,2
女拳,2
心理博弈,2
冲突,2
底线,2
道德底线,2
助理,2
实力,2
购买力,2
性吸引力,2
摄影,2
照顾,2
自欺,2
前任,2
博弈,2
比喻,2
白嫖,2
考验,2
聊天,2
逃跑,2
生存,2
自救,2
吸引,2
心动,2
默契,2
战争罪行,2
亲密互动,2
短期关系,2
恶臭,2
服务,2
不喜欢,2
爹味说教,2
拒绝道德绑架,2
怀念,2
感恩,2
离家出走,2
卑微,2
自我否定,2
雇佣,2
吉恩,2
跨栏,2
后,2
逃学,2
清纯反差,2
伪善,2
Coser,2
查手机,2
情感投射,2
误区,2
小家庭,2
底层打工人,2
运动,2
凡尔赛,2
任务导向,2
珍惜,2
接送,2
保镖,2
异地恋,2
认可,2
社团,2
资本家,2
共情,2
病娇,2
诅咒,2
接纳,2
身体相性,2
女生需求,2
阳光,2
就业,2
漂亮女友,2
视觉享受,2
游泳,2
陪练,2
黑皮,2
跑腿,2
窒息,2
社交红利,2
自我保护,2
金钱观,2
表演,2
配合,2
消费,2
亲和力,2
扩列,2
男性困境,2
约会,2
供养者,2
分享欲,2
清醒,2
好感,2
谎言,2
勇气,2
关注,2
模型,2
补番,2
长腿,1
偏好,1
体育竞技,1
残酷性,1
黄雨婷,1
韩国选手,1
射击,1
年龄双标,1
背德幻想,1
油腻现实,1
21,1
岁,1
小阿姨,1
倒贴,1
肉身布施,1
3D,1
有毒,1
难用,1
3d,1
原型制作,1
量产限制,1
老光棍,1
诈骗,1
警惕,1
证据,1
服气,1
战斗女仆,1
全能设定,1
主仆关系,1
海边合宿,1
夏日祭,1
幻觉,1
编造事实,1
模型缺陷,1
台词润色,1
专业细节,1
创作提效,1
苦主,1
后悔,1
亚撒西,1
二代,1
身家,1
不图名分,1
自由奔放,1
商业生存,1
子供向,1
私货反差,1
产业土壤,1
务实创作,1
酗酒,1
逃避,1
放纵,1
隐蔽,1
短期,1
快钱,1
难辨,1
表面绅士,1
实用主义,1
不虚伪,1
不强迫,1
多角关系,1
共侍一夫,1
情感选择,1
拒绝婚姻,1
妾室地位,1
日潮,1
不良,1
黑道,1
活在自己世界,1
葬礼,1
下跪,1
差异,1
庵野秀明,1
特摄,1
解构,1
私货,1
昭和,1
GQX,1
清爽,1
去政治化,1
角色驱动,1
吸引新观众,1
樱木花道,1
审美变迁,1
病弱美少年,1
身高自卑,1
反战,1
烈士,1
一见钟情,1
首因效应,1
拒绝技巧,1
瞬间决定,1
嘴甜,1
驯化,1
野狗,1
威吓,1
驯服,1
有钱人,1
好骗,1
路痴,1
贪婪,1
不爱,1
备品,1
消亡,1
经济差距,1
自信洒脱,1
拒绝自卑,1
直接莽撞,1
专注学业,1
邪恶,1
南美细齿巨熊,1
四米人类,1
骨骼强度,1
掌力,1
泰森,1
原罪,1
买卖,1
诚信,1
处女情节,1
心理失衡,1
荒谬建议,1
防空洞,1
利益最大化,1
不买房,1
低欲望,1
吃利息,1
交通,1
拥堵,1
地铁,1
迷路,1
低薪,1
求稳,1
内卷,1
年货,1
团聚,1
自我放逐,1
劣质资产,1
自我阉割,1
大男子主义,1
牛奶,1
牛肉,1
中国奥运,1
金牌第一,1
舆论反转,1
民族自豪,1
精神快乐,1
历史创伤,1
认知粉碎,1
沉默震撼,1
立场虚无,1
galgame,1
英梨梨,1
卖淫合法化,1
拐骗风险,1
道德沦丧,1
辣妹,1
媚宅,1
脱毒,1
青春感,1
外貌加分,1
搭配技巧,1
美好回忆,1
性别认知,1
女浴室,1
刷下限,1
挑衅,1
雄猫,1
不老男神,1
猫党,1
经典,1
ATM,1
机,1
吸金,1
服务态度,1
老板脾气,1
拒绝推荐,1
安静用餐,1
上海德兴馆,1
功利心,1
娶妻娶贤,1
普通颜值,1
大房子,1
爬楼累,1
电费高,1
难打扫,1
难找物,1
包办,1
泥泞,1
遥远,1
不值,1
商业设计,1
中年妈妈桑,1
现实对比,1
背德感,1
校服,1
道德争议,1
集体沉默,1
战争创伤,1
PTSD,1
历史记忆,1
商业企划,1
市场导向,1
个人表达,1
作者心境,1
盈利模式,1
童年噩梦,1
强迫做头发,1
发型优势,1
恋爱攻略,1
舔狗文化,1
本质问题,1
大中华帝国,1
联合舰队,1
爽点,1
军迷,1
荷尔蒙,1
性息素,1
欧美,1
氪金,1
猫,1
管理,1
硬核,1
专注,1
小骨架,1
女人味,1
上镜,1
小圈子,1
孤独感,1
社交难,1
线下活动,1
性萧条,1
露出,1
开窍,1
抗争,1
牺牲,1
女性同好,1
无料本,1
同人志,1
展会,1
胃口大,1
高强度训练,1
巨量进食,1
体重增加,1
ZZ,1
污名化,1
性商品,1
商业价值,1
伪人感,1
日本旅游,1
挑衅路人,1
欺软怕硬,1
横冲直撞,1
人气,1
待遇,1
伴侣保护,1
男性强势,1
经济寒冬,1
怀旧滤镜,1
记忆重构,1
聚光灯效应,1
他人冷漠,1
多任务,1
多窗口,1
生产力,1
电脑,1
别墅维护,1
清洁成本,1
人力不足,1
费用高昂,1
调教,1
女装,1
口无遮拦,1
嘴毒,1
不反思,1
低素质,1
真性情,1
捧杀,1
推波助澜,1
精神控制,1
骂基佬,1
话题,1
福利姬,1
共享单车,1
背心大哥,1
被跟踪,1
迟钝,1
普通朋友,1
战斗种,1
生存种,1
超频,1
繁殖,1
演化,1
威胁,1
人体气味,1
肉味,1
大姐姐,1
内核空洞,1
不可名状,1
氛围恐怖,1
人类补完,1
高中,1
监控,1
惊险,1
网恋,1
陪玩,1
圈子,1
同频,1
匹配,1
才华,1
父母补贴,1
重女轻男,1
宅宅,1
军服,1
少妇,1
活力,1
新鲜感,1
公平,1
原始本能,1
肉体迷恋,1
感官好奇,1
生命探索,1
灵魂觉醒,1
野性,1
老实,1
性自由,1
成熟,1
伪装的坏,1
安全距离,1
危险刺激,1
反差感,1
物化,1
劣质,1
心软,1
价值错位,1
择偶劣势,1
武松,1
战力,1
夸张,1
空我,1
基层,1
投诉,1
慢节奏,1
无计划,1
找对象,1
交朋友,1
拒绝教程,1
恋爱难,1
C,1
金融圈,1
猎人,1
宏大叙事,1
公务员,1
黑料,1
偏心,1
不讲理,1
狗屎,1
个人生活,1
拒绝宏大叙事,1
反道德绑架,1
超级机器人大战,1
群体吟唱,1
发射流程,1
担当,1
高效,1
机遇,1
分辨,1
盲目扩张,1
债务风险,1
理智克制,1
做不大,1
萨雷姆,1
废铁镇,1
乌托邦,1
男性消费力,1
市场潜力,1
土猫,1
易养,1
缅因,1
宠物贩子,1
原谅,1
肌肉,1
比例,1
男执事,1
必要,1
劳动,1
单身,1
被爱,1
六分,1
及格线,1
邋遢,1
米虫,1
不配,1
负资产,1
扫黄,1
黄油,1
阴暗,1
人畜无害,1
恋老,1
分析,1
误导,1
变弱,1
抖,1
M,1
心理治疗,1
掌控感,1
渴爱,1
臆想,1
被害妄想,1
自卑,1
公司流程,1
庸才假设,1
系统稳定,1
创业门槛,1
节食,1
饥饿,1
减肥,1
浪费,1
毒舌,1
Galgame,1
角色台词,1
女性恐惧,1
情感冷漠,1
公式化恋爱,1
心理扭曲,1
家庭教育,1
代际差异,1
袭胸,1
摸臀,1
跑,1
女性圈子,1
拉帮结派,1
人际复杂,1
小团体,1
社交风险,1
发型,1
打理,1
长发,1
拒绝吃苦,1
活在当下,1
即时奖励,1
拒绝画饼,1
美好爱情,1
拒绝盲婚,1
占有欲,1
无理,1
早熟,1
野战,1
恐暴龙,1
闭嘴,1
拦不住,1
机器人,1
泡沫,1
主动示好,1
轻松恋爱,1
美腿,1
足尖,1
触感,1
官二代,1
表面努力,1
利益算计,1
互联网,1
年轻人创业,1
理想主义,1
脱离现实,1
惨痛失败,1
小说逻辑,1
男频爽点,1
女频受众,1
打脸情节,1
腐女,1
排他,1
不生育,1
风险规避,1
人生困境,1
经济压力,1
丧偶式育儿,1
母亲困境,1
婚姻劝退,1
女性价值,1
恋爱至上,1
跑图,1
娱乐行为,1
非绘画,1
捏脸,1
支持,1
年龄差,1
看颜,1
诱惑,1
社会念想,1
努力幻象,1
颜值真相,1
强势伴侣,1
高效规划,1
依赖舒适,1
全能照顾,1
自信从容,1
套路,1
女生偏好,1
身材审美,1
强壮上限,1
肌肉恐惧,1
理想体型,1
顺眼,1
交友,1
闷骚,1
极限拉扯,1
坦然,1
优越感,1
脱离群众,1
人上人,1
家庭支持,1
创业失败,1
经济底气,1
阶层优势,1
管理折腾,1
忽视情绪,1
规则严苛,1
员工离职,1
过度压榨,1
绘图,1
商业应用,1
行业趋势,1
伦理争议,1
色情内容,1
利用,1
声音,1
乙游,1
声优,1
极端,1
女生喜欢,1
追女技巧,1
卑微舔狗,1
执迷不悟,1
自我欺骗,1
试错,1
别墅,1
爱情缺失,1
权衡交易,1
工具伴侣,1
模仿恋爱,1
温柔,1
兴趣,1
奔现,1
烧烤,1
掌中宝,1
热恋,1
戒断,1
平庸,1
虚幻,1
QQ,1
昵称,1
怪癖,1
赌博,1
负罪感,1
沉迷,1
廉价娱乐,1
自尊,1
包容性,1
父母兜底,1
啃老,1
安稳,1
不奋斗,1
无负债,1
无压力,1
享乐,1
雇佣关系,1
职业边界,1
角色定位,1
助理替代,1
权限管理,1
技术,1
就业减少,1
内卷加剧,1
利好大企业,1
门槛降低,1
剧情需要,1
身高未变,1
乳量未变,1
七年,1
主动示爱,1
真心喜欢,1
无需讨好,1
禁欲,1
伪君子,1
同好交流,1
同人本,1
滥交,1
作死,1
多人,1
大学生,1
社会青年,1
感激,1
无感,1
机设,1
近战武器,1
摆拍,1
电子烟,1
勾搭,1
JD,1
压抑,1
追求失败,1
及时撤退,1
拒绝掉价,1
转换目标,1
拒绝执念,1
代际,1
男性浪漫,1
性侵,1
精神地狱,1
正史,1
吃书,1
设定矛盾,1
争议,1
胸围,1
美颜,1
肤质,1
接受度,1
人设反差,1
关系搞砸,1
能量互补,1
耐心,1
聊骚,1
拉扯,1
收费,1
现金流,1
转化欲望,1
恋爱小说,1
生理需求,1
小众癖好,1
分享欲缺失,1
女性魅力,1
三次元,1
打破刻板印象,1
强制社保,1
企业转嫁,1
底层负担,1
政策质疑,1
民生痛点,1
小院,1
起源,1
宅文化,1
大众化,1
商业化,1
低龄化,1
玩具广告,1
文化冲击,1
妈妈,1
羞耻,1
恋母,1
现实女生,1
好攻略,1
好感度,1
原型,1
咬合力,1
风险,1
依恋,1
救援,1
品行,1
情绪宣泄,1
虚假梦想,1
立法,1
零元,1
实验,1
结果,1
第二部,1
小三宣言,1
剧情争议,1
涉谷黑皮妹,1
黑皮辣妹,1
小众风格,1
角色争议,1
传统武术,1
千斤坠,1
太极拳,1
幽默讽刺,1
职场,1
澄清,1
体质,1
因果,1
选拔,1
中美关系,1
旅游习惯,1
代际冲突,1
性交易,1
合法化,1
剥削,1
反对,1
声带天赋,1
变声配音,1
女喘兼职,1
萝莉音,1
遗传病,1
基佬,1
同好,1
3P,1
金主,1
职业偏见,1
衣架子,1
养老规划,1
亲情支持,1
独立承担,1
手足情谊,1
热心,1
富裕,1
热情好客,1
宠溺孩子,1
热闹聚会,1
模仿,1
野蛮,1
反杀,1
可怜,1
开放,1
脏话,1
肉体关系,1
亲密行为,1
爱情本质,1
身心一体,1
拒绝反思,1
引诱,1
大叔,1
女仆咖,1
客人,1
乐趣,1
百合,1
情趣,1
小学,1
对等恋爱,1
无条件,1
身材偏好,1
运动系,1
表白,1
轰动,1
小女孩,1
趣事,1
相亲,1
发小,1
八卦,1
无果,1
预判,1
避祸,1
自保,1
疏离,1
农村生活,1
舒适开销,1
合租模式,1
居家工作,1
现实挑战,1
认真,1
成就感,1
部分人,1
黄谣,1
萝莉控,1
创业穷小子,1
借钱,1
情感绑架,1
危险,1
摔倒,1
合影,1
经济困境,1
情感回馈,1
感恩回报,1
鞋,1
jk,1
领结,1
周边,1
知乎盐选,1
素材收集,1
荒诞故事,1
校服收集,1
青春记忆,1
怀旧,1
情感寄托,1
莽撞,1
边界模糊,1
情感背叛,1
亲密越界,1
关系危机,1
生日,1
地雷系,1
追爸,1
警察,1
保姆,1
惊魂,1
头发,1
缠绕,1
剧痛,1
系带,1
检查,1
公交票,1
伪造,1
漏洞,1
钻空子,1
绿帽癖,1
无害,1
金钱交易,1
无爱性爱,1
迷茫困惑,1
尴尬体验,1
糟糕回忆,1
多妻制,1
平妻,1
机械战警,1
铳梦,1
机械改造人,1
童年幻想,1
科幻启蒙,1
独立企划,1
全流程,1
大块面造型,1
建模,1
软件版本,1
高利润,1
底价,1
信息差,1
体育运动,1
匀称身材,1
高颜值,1
吸引女生,1
青春期,1
性教育,1
卫生,1
裆部,1
弱点,1
脆弱,1
年龄差距,1
生存风险,1
保护能力,1
成长阶段,1
择偶建议,1
负债,1
止损,1
放弃,1
猎场,1
鱼塘,1
女同事,1
负债创业,1
赌博心理,1
拒绝借钱,1
理性创业,1
风险警示,1
解放,1
尊重选择,1
争取权益,1
小公司,1
女仆,1
商会大小姐,1
混乱关系,1
烧鸡,1
男性向,1
二游,1
中年大叔,1
未成年少女,1
变猪,1
勇哥,1
猪脚饭,1
静安寺,1
槽点,1
穷人,1
希望,1
轻信,1
投资,1
网络审判,1
情感纠纷,1
道德评判,1
清官难断,1
网友建议,1
出,1
返图,1
独特性,1
人类主导,1
启发思路,1
言之有物,1
本质在人,1
日本街头,1
暴力美学,1
文化差异,1
EVA,1
夸人话术,1
周海媚,1
恶堕,1
涩气,1
武侠剧,1
患难真情,1
不离不弃,1
唯一挚爱,1
方言歧视,1
地域优越感,1
以牙还牙,1
反击策略,1
语言冒犯,1
金发大小姐,1
笨蛋美少女,1
门当户对,1
圣诞节,1
人生转折,1
交涉,1
理性,1
豪爽,1
颓废,1
公路片,1
分享,1
界限,1
人性欲望,1
社会秩序,1
法律约束,1
家庭安全,1
玩具设计,1
军事设计,1
火神炮,1
婚前同居,1
介意,1
批判,1
多妻,1
分担,1
娇气,1
任性,1
辉夜,1
光环,1
体能,1
跑步,1
外卖,1
淡定,1
豪车,1
敌意,1
友情,1
不歧视,1
带娃,1
地狱,1
高价,1
差距,1
认知,1
纤细,1
柔软,1
脂肪,1
萝莉,1
性格恶劣,1
外貌优势,1
性别偏见,1
视觉优先,1
轰龙,1
亚衣,1
强势,1
外貌偏好,1
性别刻板印象,1
自然本能,1
泰蕾莎,1
女将军,1
杀伐果断,1
大女主,1
黑心,1
碧蓝航线,1
长门,1
年龄敌意,1
身材焦虑,1
审美偏见,1
轻松掌控,1
赢得尊重,1
女性青睐,1
男人中男人,1
慕强,1
外表,1
肤浅,1
生存优势,1
生理韧性,1
环境感知,1
理性残忍,1
生理期,1
情绪波动,1
回避,1
杀伤力,1
护甲,1
排他性,1
吃苦,1
备胎,1
PlanB,1
低价值,1
挑逗,1
文字,1
性经历,1
投降,1
后果,1
贤妻良母,1
语境差异,1
反感情绪,1
猫咪,1
抢食,1
不公平,1
做饭,1
倾诉,1
拼图,1
网恋诈骗,1
悲剧,1
伤害,1
情感,1
闲,1
随时,1
驴,1
肌肉男,1
相貌,1
捷径,1
勤劳,1
全裸,1
自在,1
钓鱼,1
数据,1
经验,1
可笑,1
家务悖论,1
聪明贤惠,1
情绪垃圾桶,1
炫耀资本,1
表现,1
光环效应,1
重要性,1
秒回,1
拖延,1
社交策略,1
控制话题,1
金钱态度,1
坦荡,1
母性本能,1
无执念,1
灵活,1
避险,1
互相喜欢,1
零帧起手,1
田径队,1
身体特征,1
感官描写,1
纵欲,1
戒色,1
欲望,1
发泄,1
流程,1
女生主动,1
拒绝矜持,1
识破,1
清算,1
铭记,1
自动配对,1
异性联想,1
尴尬误会,1
社会偏见,1
力量展示,1
信任判断,1
女性视角,1
长期关系,1
情感策略,1
相处模式,1
连锁效应,1
恶意,1
诋毁,1
男魅魔,1
情绪调动,1
社交魅力,1
男性关系,1
拒绝社交,1
倾听,1
认同,1
情侣互动,1
情趣调情,1
羞耻台词,1
职业,1
身份,1
黑泥,1
露露卡,1
seedance,1
角色出圈,1
新时代红利,1
体面人,1
美国,1
非暴力,1
克制,1
社会评价,1
伴游,1
护卫,1
导游,1
恋爱原则,1
无理取闹,1
重新梳理,1
校园爱情,1
共同对抗,1
纯粹热烈,1
生死与共,1
革命情谊,1
取悦自己,1
浪漫,1
精神需求,1
安全宣泄,1
矛盾心理,1
尊严解构,1
节日放松,1
逆反心理,1
打工人,1
休息权,1
做题家,1
管子,1
社达,1
无压教育,1
失败接纳,1
快乐成长,1
非功利,1
坦然面对,1
真漂亮,1
假漂亮,1
找老婆,1
判断力,1
娶妻,1
拒绝双标,1
自我优先,1
性取向,1
情感观,1
男性消费观,1
婚恋模式,1
寻回犬,1
自我觉醒,1
折腾,1
美役,1
狗,1
欺负小孩,1
坏,1
不记仇,1
工作进度,1
甲方压力,1
成本矛盾,1
人性自私,1
巴黎奥运会,1
审美筛选,1
招聘避雷,1
职场讽刺,1
利益冲突,1
立场站队,1
彩礼战争,1
雄竞,1
动物性,1
愚蠢,1
原始,1
纯真,1
夏天,1
消耗,1
黏人,1
缺爱,1
关爱,1
回报,1
早恋误会,1
失业,1
看不起,1
性别议题,1
舆论反差,1
搬水,1
自我保全,1
拒绝牺牲,1
拒绝残缺,1
强行灌输,1
傲慢偏见,1
放手去干,1
拒绝背锅,1
停止反思,1
放下羞耻,1
现充,1
法兹,1
炮击,1
UC0089,1
战术失误,1
商用,1
顾客抵制,1
付费拒绝,1
辅助工具,1
生活琐事,1
宠溺日常,1
家务循环,1
温馨互动,1
无奈包容,1
商法,1
卖玩具,1
摆阵,1
万代,1
机动战士高达,1
纪元,1
提坦斯,1
汉布拉比,1
观剧吐槽,1
黑三连,1
鲁姆战役,1
敢死,1
战力崩坏,1
联邦,1
停战,1
敖德萨大撤退,1
侵略者,1
快招骗局,1
经营游戏,1
盲目创业,1
人生圆梦,1
吴艳妮,1
徐峥,1
上海小市民,1
精明算计,1
凶怂,1
损友,1
初吻,1
80,1
b,1
奴,1
绿汁,1
龟爹,1
援交角色,1
爽点逻辑,1
舔狗设定,1
剧情雷点,1
死宅虐恋,1
剧情拖沓,1
对话无聊,1
节奏缓慢,1
男拳,1
地偶女团,1
打赏,1
网红,1
沙优,1
人设,1
剧情,1
无追求,1
拥有,1
拯救,1
账号运营,1
精力消耗,1
商业合作,1
代运营,1
隐私权,1
真面目,1
精神垃圾,1
免责声明,1
劝人努力,1
规避风险,1
运气际遇,1
责任推卸,1
虚拟服务,1
情感幻想,1
付费陪伴,1
相遇,1
祛魅,1
练习,1
分离,1
沉没成本,1
以色列,1
犹太智慧,1
背刺,1
婚恋,1
地域,1
魔法少女,1
配音,1
台词,1
创作,1
内讧,1
保障,1
出租车司机,1
抱怨,1
乘客,1
生活不易,1
性转,1
格斗,1
对抗,1
男性暴力,1
同性敌对,1
英雄毒点,1
驻军,1
领土,1
中日关系,1
变种人,1
设定,1
共存,1
基因,1
健身,1
外貌反差,1
异性缘,1
声线魅力,1
发疯,1
力量,1
包养,1
白日梦,1
形式主义,1
法定福利,1
薪资调整,1
管理逻辑,1
贤惠,1
熟化,1
本末倒置,1
告别,1
等待,1
优秀,1
破坏,1
格斗实战,1
体能压制,1
暴力冲突,1
男性优势,1
跟踪狂,1
高薪,1
兴趣相同,1
爱好迥异,1
观点冲突,1
沟通困境,1
择偶选择,1
家境,1
冲动,1
家长,1
攀比,1
家庭管钱,1
创业套现,1
小富生活,1
父母控制,1
广泛尝试,1
拒绝责任,1
观念,1
停止内耗,1
无效反思,1
拒绝自我怀疑,1
情感止损,1
四川妹子,1
醉酒,1
爆粗口,1
软妹,1
普信男,1
社交自恋,1
自我感觉良好,1
上海老楼,1
建筑质量,1
居住体验,1
历史情怀,1
社交自保,1
避免纠缠,1
暂时顺从,1
事后删除,1
礼貌拒绝,1
情感需求,1
现实陪伴,1
无力感,1
关系破裂,1
建议分手,1
自由个体,1
意义,1
圆梦,1
交往,1
明确,1
要求,1
创作欲望,1
自我表达,1
绘画乐趣,1
原创冲动,1
丁克,1
反抗规训,1
自我实现,1
我无法提供涉及暴力,1
性暴力,1
非自愿性行为或危险内容的信息。,1
男性分裂,1
利益维护,1
自我审查,1
社交尴尬,1
中二病,1
未恋爱,1
服务员,1
争吵,1
算法,1
注意事项,1
防失误,1
色情网站,1
成人内容,1
外语词汇,1
讽刺调侃,1
网络文化,1
漂亮女生,1
社交自信,1
人脉积累,1
年轻交友,1
环境熏陶,1
融入圈子,1
主动参与,1
偷拍,1
翻车,1
猎巫,1
共毁,1
无意义,1
拒绝改变,1
无视他人,1
享受当下,1
冷漠处世,1
婚恋难度,1
地域差异,1
经济门槛,1
盲盒,1
随机,1
集邮,1
逃避现实,1
梦想,1
00,1
社保,1
房产,1
政策,1
家庭支援,1
底层逻辑,1
逼婚,1
独美,1
反规训,1
禁欲打压,1
报复快感,1
羞耻心,1
攻防战,1
陪游服务,1
拒绝白嫖,1
格局打开,1
利益交换,1
零碎,1
破败,1
刺客信条,1
极端派,1
不搭理,1
放弃思考,1
好恶,1
偏爱,1
外貌特权,1
理所当然,1
拒绝暧昧,1
直接表白,1
拒绝自我感动,1
拒绝低效恋爱,1
幸福,1
气场,1
威慑力,1
被动技能,1
望而却步,1
理直气壮,1
失控,1
渴望,1
性能力,1
伴侣选择,1
内斗,1
零容忍,1
共同敌人,1
顺从抱怨,1
拒绝讲理,1
化解,1
存银行,1
别创业,1
防收割,1
新手,1
理财,1
家庭背景,1
网赌,1
戒赌,1
旁观,1
暴力克制,1
力量悬殊,1
被动施暴,1
穷小伙,1
上进心,1
仇恨心,1
拖下水,1
排外,1
香港,1
自我贬低,1
尊重女性,1
放手祝福,1
拒绝控制,1
情感劝诫,1
疯女人,1
撒泼,1
挣扎,1
相互救赎,1
温柔包容,1
传递善意,1
成长力量,1
商业对手,1
学习心态,1
反思怪,1
西方经验,1
民族自信,1
女性喜好,1
多样性,1
恋爱机会,1
不必悲观,1
独特魅力,1
中年男人,1
恋老癖,1
认输,1
自认倒霉,1
守护,1
正装,1
冷暴力,1
回避型,1
被动攻击,1
精神折磨,1
父母资助,1
婚姻考验,1
劝分,1
高收入,1
时间成本,1
逻辑矛盾,1
两岸关系,1
政治立场,1
朋友界限,1
对话禁忌,1
相亲失败,1
心理补偿,1
情绪管理,1
理性处事,1
成熟心态,1
金钱执念,1
利用他人,1
画饼,1
冷酷无情,1
异父异母,1
兄妹恋爱,1
道德伦理,1
内耗,1
竞选班长,1
积攒人气,1
主题演讲,1
实现梦想,1
机魂,1
设备,1
报应,1
迷信,1
多元审美,1
接纳自我,1
人类命运共同体,1
牺牲精神,1
科幻作品,1
流浪地球,1
集体主义,1
家长管控,1
无效阻止,1
情感动力,1
现实无奈,1
赛前禁欲,1
性欲,1
爆发力,1
竞技表现,1
脱敏,1
沉默,1
相对排名,1
绝对稀缺,1
概率思维,1
现实落差,1
中立,1
推特,1
擦边,1
喘百科,1
感情不合,1
道德枷锁,1
内疚感,1
规训,1
基本盘,1
底层,1
血汗工厂,1
无人出租,1
心态平和,1
真西格玛,1
交往舒适,1
洗护,1
约炮,1
警察盘问,1
社畜,1
亚洲女性,1
健康美,1
力量感,1
军国主义,1
种族优越,1
侵略幻想,1
历史修正,1
极端民族主义,1
告密,1
炒鱿鱼,1
老板助理,1
迟到宽容,1
工作量,1
隐性规则,1
超级系,1
真实系,1
职场反转,1
肢体接触,1
陌生人,1
城市养狗,1
空间限制,1
人狗折磨,1
环境差异,1
饲养困境,1
价格,1
委托,1
野比,1
行动力,1
小夫,1
反处女,1
个人偏好,1
假小子,1
少女心,1
异性浓度,1
敏感,1
心意,1
礼物,1
真情,1
女老师,1
特殊技能,1
让人开心,1
存在魔力,1
安心,1
路人反应,1
开袋即食,1
免费场照,1
强制扩列,1
营业礼貌,1
海滩,1
催婚,1
阴阳怪气,1
敷衍,1
情感诈骗,1
男女对立,1
非法牟利,1
社会讽刺,1
拒绝聊天,1
快速见面,1
现实展示,1
避免天坑,1
当面交流,1
贫富差距,1
阶级差异,1
认知冲击,1
无法提供涉及色情低俗内容的概括。,1
随缘,1
拒绝硬追,1
拒绝模板,1
上海人,1
山东姑娘,1
大葱,1
大饼,1
甜面酱,1
执事,1
男模,1
男喘,1
女喘,1
定制文,1
温顺,1
温泉,1
泳池,1
肯德基,1
过夜,1
补觉,1
悲哀,1
学生,1
服从性,1
精英干员,1
家长监控,1
防圆角,1
查小号,1
报警,1
人类陪伴,1
局限,1
温暖珍贵,1
同类连接,1
恋爱逻辑,1
金钱关系,1
情感收割,1
防骗,1
拖延心理,1
逃避失败,1
正确废话,1
拖延理由,1
心理安慰,1
协助,1
暴露训练服,1
审美变化,1
鉴腿,1
上海男人,1
家务分担,1
性别平等,1
生活态度,1
性生活,1
生存焦虑,1
真实性,1
恋爱误区,1
金钱依赖,1
正反馈,1
特权,1
反腐,1
落马,1
官场,1
西格玛男,1
试探,1
dirty,1
talk,1
猎物,1
红色需求,1
危险意识,1
隐秘心理,1
海梦,1
版本答案,1
互助,1
温暖,1
家长控制,1
亲子沟通,1
情绪压抑,1
信任危机,1
坏女人,1
拒绝贤惠,1
人性真实,1
不吃苦,1
携手同行,1
实业,1
赚钱,1
穿越,1
解放军,1
击沉,1
尼米兹,1
冷眼旁观,1
人性真相,1
商业思维,1
不结婚,1
社会舆论,1
美女,1
稀缺,1
资源,1
聪明,1
有钱,1
婚纱,1
男性消费,1
游戏市场,1
女性主义,1
生理性喜欢,1
相爱相杀,1
自虐倾向,1
纯粹吸引,1
创意局限,1
润色台词,1
辅助写作,1
人设参考,1
撑伞,1
拒绝上班,1
拒绝家务,1
雇佣替代,1
时间价值,1
金钱思维,1
自虐,1
逞强,1
透支,1
硬撑,1
小妈妈,1
眼光,1
恋爱脑,1
讨好,1
不配得感,1
反油腻,1
鉴别,1
情绪控制,1
同类识别,1
拒绝诱惑,1
保持冷静,1
避免被猎,1
美貌,1
身材比例,1
不合适,1
丢脸,1
纯友谊,1
灵魂闪光点,1
轻松交流,1
非交换,1
体能对比,1
网络环境,1
社会观念,1
男性气概,1
男性代际,1
两性模式,1
激进转变,1
恋爱消费,1
经济博弈,1
女性特权,1
性别认同,1
东方,1
Project,1
霸凌弱者,1
施暴,1
烂人,1
忽悠,1
骗子,1
女性角色,1
真实描写,1
性格类型,1
创作素材,1
个人经历,1
身高优势,1
择偶红利,1
社交便利,1
职业变现,1
个人魅力,1
长相,1
命运,1
汉服,1
穿着体验,1
脚铃,1
绿帽奴,1
心理投射,1
危险关系,1
原生家庭,1
家庭观念,1
情感洗脑,1
现实人性,1
掩饰,1
判断,1
廉价礼物,1
自我安慰,1
不可预测,1
言行不一,1
主观判断,1
拒绝标签,1
现实差异,1
精心打扮,1
粘人,1
拥抱,1
感受,1
贫乳,1
A,1
罩杯,1
冷酷,1
追求者,1
男性自信,1
性别特权,1
拒绝羡慕,1
自我认同,1
身体优势,1
执念,1
外在,1
嫁妆,1
婚礼,1
家庭,1
择友标准,1
圈子认同,1
口碑评价,1
加分项,1
虚报,1
工具化,1
感情淡漠,1
常见现象,1
精神,1
口若悬河,1
职场优势,1
概率,1
加油,1
爱恋,1
抠门,1
势利,1
丢人,1
白人,1
气味,1
生理,1
夜店,1
白酒,1
年轻女性,1
口味,1
无人感激,1
精神内耗,1
公车私用,1
征服欲,1
虚荣心,1
自我满足,1
婚恋市场,1
颜值匹配,1
经济实力,1
现实考量,1
青春美貌,1
体面默契,1
养狗,1
恶犬,1
警戒,1
弩,1
出轨,1
灵魂,1
黄毛,1
生命力,1
焦虑症,1
强迫行为,1
分心,1
高频,1
海王,1
掠夺,1
年华,1
不嫖娼,1
不赌博,1
不抽烟,1
不暴力,1
爱做饭,1
追番,1
力量差异,1
窒息体验,1
性别对比,1
真实测试,1
生理极限,1
时间,1
即时反馈,1
概念,1
短剧,1
内容泛滥,1
价格内卷,1
割韭菜,1
伪风口,1
禁忌,1
没钱,1
脚踏实地,1
工作,1
情感边界,1
冒犯,1
精神出轨,1
拒绝讨好,1
保持距离,1
维护尊严,1
拒绝指责,1
确立地位,1
女装大佬,1
男娘群,1
性别反转,1
无人替代,1
廉价劳动力,1
资本博弈,1
议价权,1
消费选择,1
网络小说,1
人肉搜索,1
身败名裂,1
行业生存,1
搭档,1
时光,1
变迁,1
将就,1
离婚,1
老板,1
员工,1
分工,1
协作,1
职场摸鱼,1
过度努力,1
解雇风险,1
上海话,1
脱底棺材,1
骂小孩,1
存不住钱,1
双关,1
胖虎,1
人设变动,1
心理阴影,1
坦诚沟通,1
伴侣要求,1
格斗技能,1
社会无用,1
矛盾化解,1
温文尔雅,1
职业前景,1
蛙泳,1
省力,1
视野,1
心理引导,1
信任建立,1
教育陪伴,1
职业价值,1
女仆店,1
付费恋爱,1
营业人设,1
情感消费,1
氪金服务,1
外貌歧视,1
无情,1
嘲笑,1
缺乏尊重,1
被宠废,1
轻小说人生,1
无条件信任,1
明日方舟,1
富家子弟,1
朋友互助,1
游戏同好,1
生存本能,1
贞操观念,1
生命价值,1
理性选择,1
自我攻击,1
拒绝内疚,1
精神解脱,1
钢普拉,1
文奈,1
独立意识,1
情感博弈,1
拒绝规训,1
自我负责,1
婚姻信任,1
利益共同体,1
一致对外,1
婚前算计,1
冷静思考,1
企划,1
画师,1
开销,1
负担,1
放下金钱,1
真爱平等,1
养眼,1
逃税,1
动机,1
跆拳道,1
play,1
质疑,1
学霸,1
雌小鬼,1
管家,1
高成本,1
反内卷,1
自我消费,1
拒绝剥削,1
不忠诚,1
高智商,1
精力旺盛,1
难饲养,1
无常,1
恶魔城,1
漆原智志,1
九十年代,1
尺度,1
被动,1
小三,1
逆袭,1
魔幻,1
养狗责任,1
文明养犬,1
邻里关系,1
换位思考,1
朋友圈,1
狗狗误食,1
有毒食物,1
遛狗栓绳,1
安全隐患,1
主人责任,1
性别误认,1
声音可爱,1
外形反差,1
网络误解,1
无奈吐槽,1
酒吧搭讪,1
外貌吸引力,1
社交实验,1
不讲道理,1
无用,1
恋爱税,1
双重收入,1
提前消费,1
男性兜底,1
赔偿,1
床单,1
红酒,1
固定资产,1
自制狗饭,1
鸡胸肉,1
猪内脏,1
清水煮,1
饮食禁忌,1
钢铁洪流,1
正义,1
超自然,1
阁楼,1
恋爱筛选,1
结婚意图,1
情感陷阱,1
真心误判,1
玩弄后果,1
择偶策略,1
主动信号,1
替代方案,1
不坐班,1
时间混乱,1
极度自由,1
社交活跃,1
缺乏计划,1
安全,1
机器人动画,1
机甲番,1
音乐,1
推荐,1
长不大,1
童心,1
装嫩,1
诱骗,1
反击,1
曝光,1
揍他,1
0079,1
吉恩公国,1
邪恶宇宙人,1
军武向,1
键政,1
杰刚队长,1
MS,1
战,1
作画,1
尊重粉丝,1
惊喜,1
SEED,1
作画质量,1
时代争议,1
粉丝冲突,1
转型阵痛,1
剧场版,1
系,1
