period,event_type,mention_count,descriptions
童年,偷钱受罚,1,小时候因偷钱被母亲精准抓包并打骂认错
童年,父亲速应,1,母亲喊父亲名字后，父亲总能在 20 秒内出现协助管教
童年,嘴甜夸人,1,小时候通过见人就夸、高情商回应亲戚逗趣而被评价为懂事
童年,表面顺从实则叛逆,1,从小想干嘛就干嘛，对父母禁令偷偷违反且屡教不改
童年,情感表达,1,通过口头表达爱戴母亲和夸赞他人来维持懂事的形象
童年,饭桌机智回应,1,在父亲教育时巧妙用“有爸妈是天上掉馅饼”化解说教并逗乐父亲
童年,听闻经济寒冬论,1,小时候天天听周围人说经济寒冬要来了或全球经济遇冷
童年,怼司机事件,1,小时候在车上逮着父亲的司机一路怼
童年,模特圈成长环境,1,母亲是模特且其朋友热衷搞娃娃亲，导致作者误以为注定只能娶模特
童年,模特班同学关系,1,母亲朋友的女儿与作者在同一个模特班学习
童年,阅读困惑,1,小时候看小说时无法理解“嫁出去就不能随便回娘家”的说法
童年,观察现象,1,发现学校里的同学几乎每周都会去外婆家
童年,家庭管教,1,母亲从小禁止作者骂脏话
童年,成长环境,1,作者住在老闸北旁边的静安区，接触小流氓腔调
童年,身高自卑期,1,因身高一米九被嘲笑像大猩猩或奥特曼，羡慕清秀白净的男生
童年,被迫精致打扮,1,母亲作为专业模特强迫作者进行繁琐的穿衣、试衣、做头发及护肤流程
童年,男性化妆护肤,1,10 岁时被母亲教导化妆、保养皮肤及每日早起半小时打理仪容
童年,被父亲带看特摄与动画,1,三岁起由父亲抱着观看假面骑士和飞跃巅峰
童年,目睹父亲深夜看番,1,半夜发现父亲在书房含泪观看高达默示录 0079 最后一话
童年,思想灌输,1,从小被灌输正视性欲但不轻易释放能让人变强的奇怪思想
童年,科幻认知偏差,1,受电影和漫画影响误以为液压、马达及活体组织即可制作机械改造人
童年,实验条件缺失,1,庆幸当时缺乏进行人体改造实验的实际条件
童年,观看高达光碟,1,5 岁时父亲在家抱着自己观看 0083 剧场版光碟
童年,观看 EVA 被吓哭,1,2 岁时观看 EVA 旧剧场版被吓哭（据父亲回忆）
童年,首次暴力冲突,1,第一次打架直接攻击对方头部致其受伤，由父亲赔偿
童年,转移攻击对象,1,因人类头部太软，转而与狗打架
童年,容貌焦虑,1,小时候因长相与性别不符而讨厌自己的脸
童年,缺乏后果意识,1,从未考虑过激行为可能导致对方精神崩溃或暴力反击
童年,老楼居住体验,1,在外滩和淮海路的老楼房里活动
童年,成长背景,1,从小不缺爱，但患有严重的渴肤症和口欲症
童年,职场受挫被包容,1,前老板在我搞砸事情或闹情绪时，总能用“没关系”安抚并帮我摆平。
童年,模仿影视角色,1,"因崇拜高服从性角色而常对父亲说""sir, yes sir"""
童年,社会观念认知,1,认为当时吹嘘男性比女性强是一种懦弱的表现
童年,压岁钱被骗,1,五岁时被父亲用斗地主骗走一年的压岁钱
童年,年龄对比状态,1,曾经比 coser 姐姐小三岁，现在比现任 CP 大近十岁
童年,心理阴影,1,小时候对胖虎这个角色产生了心理阴影
童年,收藏童年未购模型,1,阁楼里存放着作者童年想买但买不起的各式老版机器人模型
小学,童年对等恋爱,1,在小学阶段与异性进行无性别压迫、纯粹且激烈的恋爱互动
小学,童年情感互动,1,作者小学时坐在对方腿上摇晃却未产生反应
小学,社交隔离,1,因不被男生接纳而被迫融入女生群体
小学,获赠高达模型,1,姐姐送给作者一盒 HG 佐罗亚特模型
初中,拒绝挑染,1,母亲曾提议给作者挑染头发，被作者强烈拒绝
初中,结识发小,1,作者与发小在初中时期相识
初中,被女生评价外貌,1,被班里女生评价像樱木花道，表示不是她们喜欢的类型
初中,因身高自卑,1,因身高问题长期自卑，羡慕身高较矮的男生
初中,质疑体育生受欢迎度,1,因时代审美偏好病弱美少年，一度不相信体育生会受女生欢迎
初中,代管零花钱,1,替十五岁的大小姐保管并代付现金消费
初中,陪伴朋友首次出 Cos,1,作者陪同 14 岁的朋友第一次以 Saber 角色参加漫展
初中,青春期恋爱转变,1,进入初中后意识到恋爱中需保留自我安危，不再无条件付出
初中,异性社交困扰,1,作者成年前几乎一直被初中女生纠缠
初中,自我认知偏差,1,作者误以为自己是不治的萝莉控并向学妹忏悔
初中,停止肢体冲突,1,身高长到 188 后因无敌手而不再打架
初中,损友交往,1,与一位嘴臭女生在周五放学后相约压马路、聊天打闹
初中,外滩互动,1,在外滩栏杆上背靠聊天，被对方调侃是二次元处男
初中,初吻经历,1,在对方挑衅下于外滩栏杆上完成笨拙的初吻并互相调情
初中,背负同行,1,接吻后对方以腿软为由要求背其回家
初中,街头斗殴,1,时常参与街头打架
初中,被动气场觉醒,1,摆脱童贞后习得让他人望而却步的被动技能
初中,迪士尼旅行邀约,1,作者因嫌贵拒绝初中毕业旅行，后得知对方用父亲信用卡支付且需陪同才同意前往
初中,蹭住万豪酒店,1,作者本欲回家，被对方强行安排入住万豪酒店并享用大餐
初中,迪士尼游玩经历,1,作者试图规划路线却因对方购买导览服务而沦为拎包助手，见识了隐藏通道与 VIP 特权
初中,购物与报销,1,作者目睹对方在迪士尼大量购物，最终对方父亲报销近六万元并额外给作者 2000 元补贴
初中,早恋受罚,1,前女友因早恋被父亲毒打致伤，却拒绝出卖我
初中,身高虚报,1,裸高 190 厘米却对外谎称 187 厘米以免吓到他人
初中,初恋交往,1,作者曾与一位身材极瘦小的学妹交往
初中,外貌自卑期,1,因身材高大且肤色黑而自认是傻大个
初中,身高过高引发社交压力,1,初三身高已达 188cm，导致女生因感到压迫感而不敢与其正常交流
初中,两次短暂且失败的恋情,1,初中时经历两段当天开始次日或一次约会后便因身高问题被女生主动分手的恋情
初中,对外貌的自卑与幻想,1,初中时期因皮肤黑且高大，内心渴望自己变成一米七的斯文白净男生
高中,恋爱互动,2,前女友喜欢听作者用带粗口的上海话讲地狱笑话 / 暑假和周末与女友频繁约会及互动
高中,恋爱经历,2,作者曾有一位体育生身份的前女友 / 作者曾有一位皮肤较黑的前女友
高中,饭量惊人打赌,1,作者高中时午饭能吃一斤面，常以此作为打赌的资本。
高中,拼凑三人份午餐,1,作者午餐通常吃掉自己、同桌和学习委员三人份的饭菜。
高中,无肉不欢狂饮牛奶,1,作者高中时不挑食，大量吃肉并将牛奶当水喝。
高中,重油早餐充饥,1,作者为支撑训练，早上五点吃重油蛋炒饭加猪排。
高中,运动性暴食,1,作者一旦开始运动就会不停地吃东西。
高中,"绰号""ZZ 高达”",1,"因食量巨大，作者被田径队队友戏称为""ZZ 高达”。"
高中,偷吃女友双份零食,1,作者常偷吃集训女友的零食，迫使对方携带双份。
高中,身高最高但非壮硕,1,作者虽是全校最高，但体型远不如班级里 200 斤的壮汉。
高中,初恋交往,1,与第一位“变态淑女”短暂交往并共同进行翻墙、偷进教室等疯狂行为后分手
高中,穿着校服经历,1,作者高中校服包含白衬衫，搭配黑色百褶裙时呈现出真实的小女人味与青春感。
高中,校园情感体验,1,作者认为高中时期谈恋爱是一件特别美好的事。
高中,经济窘迫,1,作者作为高中生因贫穷而感到自卑或面临经济差距带来的压力
高中,女友家浴室意外,1,高中暑假在女友家洗澡时因误入监控范围引发恐慌，最终格式化监控并隐瞒父母。
高中,关注点的转移,1,开始从单纯迷恋肉体转向关心人类灵魂是否有趣
高中,角色扮演,1,朋友喜欢作者用特定声线叫她“小碧池”和“小妓女”
高中,行为表演,1,作者模仿礼貌拒绝推销者以让朋友感到安心
高中,亲密试探,1,作者在私密环境下掐脖子、甩耳光等，但刻意控制力度
高中,共同活动,1,作者陪前女友一起完成作业而非撕毁
高中,虚构经历,1,作者编造学生时代逃课打架的故事哄前女友开心
高中,技能学习,1,作者为哄前女友特意补看《黑金丑岛君》 / 作者对着镜子练习叼烟的姿势
高中,行为控制,1,作者花很长时间练习甩耳光后不马上道歉
高中,结识前女友,1,刚认识时觉得对方打球莽撞且外表性感
高中,发现反差,1,深入了解后得知对方理科成绩优异
高中,补习互动,1,对方戴着眼镜帮自己补物理时感到兴奋
高中,共同观影,1,陪对方看完《异形》系列及《战争与和平》
高中,文化陪伴,1,陪对方看艺术展逛博物馆并听其讲笑话
高中,变声期发现天赋,1,变声期后发现自己能靠挤声带完美模仿女生声音
高中,运动特长生发型自由,1,作为运动特长生发型不受老师严格管控，可留长发扎辫
高中,尝试短发造型,1,曾剪极短板寸头但因被评价显凶且肤色黑而放弃
高中,初次被告白,1,高中时首次收到告白，因对方误以为自己是老师而惊慌失措
高中,田径队恋情,1,与同队黑皮体育生女友交往，因体型差和肤色差异感到羞耻
高中,情感状态,1,因这段感情经历而不再主动追求其他女生
高中,恋爱优势觉醒,1,高中谈恋爱时才发现母亲早年强加的审美和习惯成为自己吸引异性的关键
高中,不良少年日常,1,作者留挑染发型、抽电子烟并担任纪律委员“老大”收受贿赂
高中,偶遇与试探,1,作者在虹口体育场被学习委员撞见与 Coser 姐姐在一起并抽烟
高中,私下教学,1,作者放学后带学习委员去公园教她使用电子烟并陪她聊天
高中,关系升温,1,作者与学习委员频繁私下抽烟、聊家庭压力并互相吐槽
高中,情感误会,1,作者被学习委员质问与 Coser 姐姐的关系，但对方元旦后仍主动联系
高中,亲密互动,1,作者与学习委员在凉亭发生肢体接触并确立长期“打屁股”的亲密关系
高中,被班主任误解早恋,1,因放学与学习委员同行被班主任暴怒批评，被迫发誓澄清关系
高中,与学习委员秘密恋爱,1,在班主任不知情下于小花园接吻，并拿老师的愤怒作为调情笑料
高中,教练引导,1,田径教练在禁止男女串门的同时安排强肉体对抗游戏以转化性欲
高中,生理状态,1,因长期禁欲导致性欲暴涨，产生极度自信甚至想征服全队的想法
高中,消费行为,1,将大部分零花钱用于购买避孕套及各类 Cosplay 服装和丝袜以满足女友
高中,创作状态,1,因缺乏性交流导致文笔变得狂野下流，热衷于创作恋爱与色情小说
高中,高强度亲密行为,1,暑假期间与女友因体力充沛而频繁发生性关系
高中,身体异常疼痛,1,事后发现生殖器持续疼痛且随勃起加剧，持续数日
高中,异物缠绕事故,1,发现头发缠绕系带导致割伤，自行剪断取出
高中,后辈背景,1,作者提到有一位在高中时期就读于援交模特班的后辈
高中,圣诞节夜不归宿事件,1,与 coser 姐姐在校外酒店过夜并发生亲密行为
高中,返校受罚与情感破裂,1,因逃课被教导主任训斥，导致与学习委员决裂、被女友分手
高中,校园人设崩塌与重构,1,因“纯血种马”传闻导致男女同学态度两极分化，意外进入学生会
高中,发型改变与亲密互动,1,前女友剪短发后两人经常勾肩搭背
高中,校外告白事件,1,被穿男装的 coser 姐姐在校内告白
高中,跨年龄同好交往,1,与小学生男生共同观看动画并购买模型
高中,情感阴影持续,1,因该事件导致整个高中时期的恋爱经历变得艰难
高中,获赠首件藏品,1,高中毕业时收到学妹赠送的制服外套
高中,校园暴力行为,1,作者在校外频繁打架并表现出小混混形象
高中,力量展示,1,作者常在女性朋友面前单手抱起或扛起她们
高中,暴力干预,1,作者曾将性骚扰女生的男老师打跑
高中,言语恐吓,1,作者常对女生说“揍你”但对方并不当真
高中,玩笑互动,1,作者曾提议打女友作为不回家的借口被拒绝
高中,亲密打闹,1,前女友常踢作者挑衅，作者将其按在墙上挠痒嬉戏
高中,见证学妹护友,1,目睹学妹为保护作者朋友而霸气警告他人
高中,招老师讨厌,1,因青春恋爱行为导致被老师反感
高中,纯真恋爱,1,与女友无目的相处，包括游泳、看电影、捉螃蟹等快乐时光
高中,田径队训练经历,1,因队内缺乏颜值与实力兼备的跨栏选手而选择练习 400 米
高中,街头斗殴,1,时常参与街头打架
高中,兼职护送服务,1,为一名被跟踪狂盯上的高中住校生提供为期一学期的接送服务
高中,同学恋爱受阻,1,学习委员因恋爱被母亲没收手机、接送、禁足并体罚，险些离家出走
高中,秘密约会,1,作者与女友每天仅有十分钟时间见面亲昵，成为对方坚持的动力
高中,跑步竞赛经历,1,在几万高中生中跑出区级第二名的成绩
高中,交通工具争议,1,与学习委员交往时因在交通工具上亲昵被吐槽
高中,意外致伤事件,1,在追逐打闹中不小心掰折了女同学的手腕
高中,漫展忘带装备被包容,1,第一次 cos 搭子在我丢三落四时，无奈叹气后主动帮忙寻找补救。
高中,温泉泳池挑战,1,作者接受田径队女生及其闺蜜的温泉泳池追逐惩罚挑战
高中,泳池戏弄,1,作者在深水区潜水并钩扯对方泳裤带子导致对方动作变形
高中,惩罚实施,1,作者将两名女生的屁股打得红通通透
高中,技能揭秘,1,作者向女生透露自己当年是区游泳冠军的经历
高中,恋爱初期盲目消费,1,刚交往时因相信恋爱需花钱而挥霍有限零花钱
高中,经济危机坦白,1,两个月后零花钱耗尽，心虚告知女友无法外出
高中,被女友反向供养,1,女友主动承担开销，让作者过上花她零花钱的生活
高中,空手约会常态,1,发现女生更看重人而非钱，常口袋空空与女友出游
高中,低成本甜蜜相处,1,与女友在免费公园分享爱心便当并共度午后时光
高中,洞察情感规律,1,发现部分女性通过借钱行为判断亲密关系深度的规律
高中,人生规划,1,作者曾计划要和全世界的女孩子做朋友
高中,情感亏欠,1,得知前女友曾为保护我而承受暴力，深感亏欠
高中,模特面试,1,因身高优势在模特班面试中未开口即被录取
高中,恋爱中的恶趣味,1,与高中学习委员女友在床上接听并嘲笑隔壁班追求者的电话
高中,认知转变期,1,意识到高个子长腿是天赋加分项
高中,初恋搭档经历,1,与当时介意肤色的黑皮女友作为最早的 cos 搭档
高中,学姐搭档经历,1,与大两岁喜欢 FGO 和舰 C 的 coser 姐姐搭档
高中,学妹搭档经历,1,陪喜欢出骑士王的学妹搭档，自己成了红 A 专业户
高中,后辈搭档经历,1,与除援交外只爱漫展的后辈搭档，为其取名航母圈名
高中,兼职模特,1,靠身高当走台模特赚零花钱
高中,加入社团,1,因身高被招进田径队并结识前女友
高中,情感经历,1,被认识的 coser 姐姐告白
高中,职务与恋爱,1,因身高当纪律委员并与学妹恋爱半年
高中,担任干部,1,高三时因身高当选学生会长
大学,朋友解物理题,1,朋友在作者未毕业时能独立快速解出物理数学题
大学,兼职模特,1,19 岁时作为上海大学生去浙江老板公司当平面模特
大学,酒友相伴,1,与老板因能喝酒成为酒友，无课时常在其办公室待着
大学,贴身助理,1,日常帮老板拎包，并在其醉酒后负责背其回家
大学,高额补贴,1,老板在送其回家或让其跑腿时，额外给予现金补贴
大学,消费全包,1,与老板在一起吃饭及购买衣物鞋子时不用自己花钱
大学,分手赠金,1,老板结婚前一次性给予 3 万元并删除所有往来记录
大学,旷课陪酒,1,常以不去上课为由陪老板喝酒，单次消费约 3000 元
大学,醉酒狂欢,1,两人喝醉后在南京路牵手唱歌，老板撒娇求抱
大学,狂野长发造型,1,大学时期留长发配合高个与黑皮肤，形成极具攻击力的造型
大学,被野狗攻击,1,曾被大学里的野狗用头撞击导致进入嗜血状态
大学,模特兼职经历,1,作者在学生时期一边读书一边兼职做模特
大学,格斗陪练,1,与二十多位热爱格斗的少女进行实战对阵
大学,千里赴约,1,作者为了见一位高中 cos 社团的姑娘，专门从外地前往云南大学赴约
大学,校园聚会,1,作者与姑娘在云南大学校园内吃小吃、唱卡拉 OK、看电影及吃火锅
大学,深夜逃离,1,作者因担心云南饮食导致肠胃不适，在姑娘提出进一步邀约后独自逃回酒店
大学,社团生存危机,1,在经费匮乏且成员仅剩三女一男时，为维系社团凝聚力而共同省吃俭用、吃住在一起。
大学,平等情感实验,1,在社团内部约定并实践同时平等地爱着三位女性成员，维持了半年的特殊关系。
大学,关系终止反思,1,因担心这种特殊关系会吓跑新社员，最终主动结束了这段持续半年的“后宫”体验。
大学,兼职服务,1,靠身高给富婆当拎包小弟
大学,情感经历,1,与实习美术老师交往一年
工作后,担任老板助理,2,作者目前担任老板助理，非老板本人 / 被前老板雇佣作为随行人员协助其谈生意
工作后,管理厂内边牧,1,每天上下班需拴狗，验厂时将其关笼，遛狗时遇儿童需提前控制
工作后,管理厂内猫群,1,将性格恶劣的狸花猫关入房间以确保安全
工作后,朋友搭建产线,1,朋友灰头土脸蹲在机器旁一点点搭建起整条生产线
工作后,朋友拒绝社交,1,朋友因懒得解释工作细节且觉得社交累而拒绝摄影好友和他人交流
工作后,朋友日常爱好,1,朋友日常兴趣是分享搞怪视频和出 cos
工作后,领取低薪,1,作者目前每月工资为 2000 元
工作后,使用 AI 辅助设计,1,利用 AI 生成图片提升设计效率并减少沟通成本
工作后,隐瞒 AI 使用情况,1,因客户对 AI 态度严苛而不得不遮遮掩掩地使用 AI 进行商业企划
工作后,计划创业跳槽,1,期待 AI 技术成熟后脱离当前黑心老板自行开公司
工作后,模特从业经历,1,作者曾从事模特工作并因此结识大量 showgirl 和夜场从业者
工作后,行业观察经历,1,作者长期接触该圈子，观察到从业者平均活跃期仅一年且多为短期行为
工作后,职场互动,1,在老板公司拍广告时模仿不良少年风格与其建立特殊关系
工作后,语言表演,1,用上海话混合日语及黑道式发音讲地狱笑话取悦老板
工作后,见证辍学,1,作者目睹发小不顾劝阻在大学辍学去追求梦想
工作后,参观秘密基地,1,作者参观发小花费巨资打造的“童年博物馆”工作室
工作后,目睹辞职经历,1,作者听闻发小因上班太累而辞职并从此不再上班的经历
工作后,对比生活状态,1,作者与发小在群里视频时，对比自己加班的疲惫与发小在机场喝酒的洒脱
工作后,经历被禁言,1,作者所在的群聊因发小闲聊而将其禁言
工作后,反思人生选择,1,作者羡慕发小但认为活在自己世界里对普通人来说并不好
工作后,职场生存,1,因性格拎得清且无贪念，被老板信任并默许小额“贪污”
工作后,担忧德牧外逃,1,因工厂德牧未被驯化且过于热情，担心其跑出后被路人打死
工作后,修建封闭院舍,1,为德牧提供大院子并安装三道禁闭栏和自动门以防其外逃
工作后,长期租赁场地,1,老板为让德牧安全度过一生，一次性缴纳了十二年场地租金
工作后,陪老板港澳购物,1,每天负责为老板拎包并陪同前往香港澳门购物一周
工作后,陪老板游玩娱乐,1,陪老板去海洋公园和迪士尼游玩，由老板买单
工作后,照顾醉酒老板,1,每晚负责将喝醉的老板抱回酒店并清理后安置
工作后,陪 CP 外地参展,1,为 CP 携带物品、看管化妆包及假毛，偶尔共同营业
工作后,与 CP 庆祝分账,1,参展结束后与 CP 在浴缸开庆祝酒会并瓜分出场费
工作后,跟随老板创业,1,作者跟随一位 30 岁的老板在百人规模公司工作
工作后,听老板讲述往事,1,作者听老板醉酒讲述其 20 多岁挥霍与负债的经历
工作后,背醉酒的老板回家,1,作者将喝醉的老板背回家并与其对话
工作后,被收留做男执事,1,穷困潦倒时受女性收留并全职承担其家务与贴身照料
工作后,精细化衣物护理,1,每日分类清洗、手搓、熨烫及整理前老板的衣物与配饰
工作后,高频次清洁维护,1,每日拖地、清理浴室头发及呕吐物，每三天擦厕所并处理垃圾
工作后,定时采购与送餐,1,下午三点买菜并在六点前将晚餐送至前老板公司或学校
工作后,晨间应急准备,1,趁前老板化妆时快速收拾桌面并打包垃圾
工作后,深夜醉酒照料,1,半夜扛回醉酒的前老板并连夜清理呕吐物、更换床品及准备次日早餐
工作后,上学全套筹备,1,为前老板准备隐形眼镜、校服、行李箱及充电设备等上学必需品
工作后,独居生活状态,1,独自生活时认为上述繁琐家务完全没必要
工作后,富婆姐姐事件,1,被一位已婚富婆姐姐调侃体力好，甚至被要求背回家
工作后,担任全能助理,1,曾给老板当过兼任司机、厨师、秘书的助理
工作后,被转派给老板女儿,1,后来被老板打发去给老板的女儿当助理
工作后,漫展重逢旧友,1,作者在漫展偶遇多年未见的朋友，发现其外貌多年未变
工作后,持续状态,1,至今仍很少感到彻底满足，人生如同处于缺氧的勉强呼吸状态
工作后,千里护送任务,1,受老板委托独自带其 14 岁女儿从上海前往重庆汇合
工作后,酒店误会风波,1,在重庆酒店因带未成年女孩被前台误认为变态
工作后,高铁站盘问惊魂,1,因无法向警察清晰解释与女孩关系而被单独带至小房间盘问
工作后,习惯性检查行为,1,此后每次性行为后都会检查是否再次发生缠绕
工作后,工厂打工,1,作者在浙江农村小工厂打工，月薪 2000 元且包吃包住
工作后,日常通勤,1,作者每天驾驶三轮车收计件、丢垃圾，骑电动车买菜
工作后,居住体验,1,作者居住在老板提供的两栋新装修农村自建房宿舍中
工作后,风景治愈,1,作者喜欢在黄昏时开车经过大桥欣赏夕阳，感到身心治愈
工作后,见证前老板趣事,1,目睹前老板穿上蓝白校服捂脸的场景
工作后,创业资金断裂,1,向父亲借款创业失败导致生活费断供，陷入极度缺钱状态
工作后,穷困出差,1,为省钱出差只能坐绿皮火车，靠帮朋友跑腿赚取微薄糊口钱
工作后,绿皮车同行,1,与商会大小姐约定同坐硬座，在车上分享零食纸牌并一路聊天
工作后,深夜徒步寻食,1,因手机没电且无充电宝，凌晨下车后步行三公里寻找早餐摊
工作后,机场误机滞留,1,因睡过头错过红眼航班，被迫在机场过夜并寻找夜宵
工作后,廉价饮食体验,1,连续半个月在出差途中食用街边小吃、机场杯面及沙县小吃
工作后,债务坦白与转机,1,向同伴坦白欠款数额后，对方提出陪同去银行解决并改善饮食
工作后,家庭观念冲突,1,因父亲炫耀在地铁掌掴女生而与其发生争执
工作后,职场竞争现状,1,作者成年后发现自己无法在竞争中胜过擅长应试的“做题家”
工作后,担任接送司机,1,在浙江为土豪老板开车接送客户
工作后,受命接送老板女儿,1,被老板要求穿西装开豪车接送其女儿上下学
工作后,满足女孩各种要求,1,应女孩要求提供红茶、长柄伞、平光眼镜及白手套等服务
工作后,遭遇早恋误会,1,因在校门口等滴滴被误认为早恋，被禁止进入女生宿舍
工作后,处理离家出走事件,1,将女孩高二时计划离家出走的行踪告知其父亲
工作后,失业,1,因女孩与父亲决裂而失去司机工作
工作后,沉迷游戏,1,暑假沉迷《怪物猎人》并鸽掉所有女性朋友
工作后,朋友上门,1,被 coser 姐姐堵在家门口并共处数日
工作后,认知转变,1,在朋友鼓励下开始以异性视角与女生交往
工作后,社交成功,1,尝试新方式后成功在漫展和聚会中结识女生
工作后,社团插曲,1,为社团比赛临时招募女生导致学妹吃醋
工作后,职业接送员经历,1,作者曾担任专职司机在学校门口接送孩子
工作后,回赠高达模型,1,作者过年送给姐姐的儿子一盒 MG 法兹模型
工作后,遵守公司设备禁忌,1,在禁止骂设备或讨论售卖设备的规定下工作，因设备似乎会因被骂或议论而损坏
工作后,日本漫展同行,1,作者以社畜装扮陪同穿 JK 制服的朋友参加日本漫展
工作后,遭遇警察盘问,1,作者与朋友因朋友夸张的 JK 伪装行为被日本警察盘问
工作后,伴侣关系,1,作者当前的伴侣是专门拍摄黑皮角色的创作者
工作后,工厂打工经历,1,作者自称是“厂狗”，表示身边很多人的工作都不比外卖员轻松
工作后,亲密关系互动,1,交往对象因知晓作者不暴力而主动挑衅并要求进行肢体压制或扇耳光
工作后,情绪模式传承,1,因曾被他人温柔对待，如今面对同伴的突发失误也能保持高容忍度并主动安抚。
工作后,享受宽松考勤,1,作者所在团队允许迟到半小时，因老板只关注工作量完成
工作后,知晓未公开规则,1,作者知晓老板设定的迟到冗余规则，但该规则未向其他人公开
工作后,求职面试,1,以机械设定师身份面试并成功获得录用
工作后,运营小号音频账号,1,作者目前仍有人在社交平台小号上请求其发布新的音频内容
工作后,职场冲突,1,经常把前老板弄哭
工作后,职业转型,1,身边不再有老板，只接触大小姐和单主
工作后,角色扮演,1,只要给够钱就能在 24 小时内扮演高服从性精英干员
工作后,行业离职,1,离开模特行业后开始关注女性腿部并提升审美
工作后,为前前老板做饭,1,作者曾亲自为前前老板准备餐食
工作后,为前老板带小孩,1,作者曾亲自照顾前老板的孩子
工作后,为伴侣做家务,1,作者为现任伴侣洗碗打扫卫生
工作后,夜场陪聊经历,1,作者曾作为拎包小弟在夜场与女性从业者同坐，听她们抱怨家庭控制问题
工作后,担任大小姐司机,1,作者曾为大小姐开车，并在雨天为其撑直柄伞
工作后,被伴侣供养,1,与一位优秀女性交往，对方在两年间承担了我的生活开销
工作后,自我认知偏差,1,误以为被雇佣是因为身体好或学习能力强
工作后,能力真相揭露,1,得知被雇佣的真实原因是外形讨喜且擅长吹牛
工作后,漫展社交现象,1,每次参加漫展都能遇到聊得来的陌生女生，但作者自认并非靠颜值或金钱吸引对方
工作后,陪同老板,1,陪前老板出席正式宴请时接触高端白酒
工作后,漫展相识,1,作者与伴侣在漫展上认识
工作后,漫展日常,1,每周陪伴侣去各地漫展，负责拍照、运营账号及陪同出 cos
工作后,共同追番,1,一起追新番并讨论适合出 cos 的新角色
工作后,角色安利,1,趁伴侣对高达感兴趣，一直怂恿其出秘书小姐角色
工作后,异地多线周旋,1,全国飞隔天见新欢并陪五六天，对前任延迟回复
工作后,父亲持续参与模型活动,1,父亲每月与老友聚会、参加模型大赛并偶尔获得奖杯
工作后,福利姬搭档经历,1,与卖视频的福利姬搭档，担任男演员和摄影
工作后,双子搭档经历,1,与第五和第六个搭档打包合作，拍摄双子角色组合
工作后,社团后宫经历,1,与社团内多位成员组队出 cos，组成各种小队和兔女郎组合
工作后,原神搭档经历,1,与双马尾地雷妹搭档，从莫娜出到芙宁娜
工作后,网红搭档经历,1,与后来成为三十万粉丝网红的搭档短暂合作
工作后,疯批搭档经历,1,与酷爱 NTR 文学的前搭档合作，对方气质飒爽
工作后,大小姐搭档经历,1,与自家大小姐短暂搭档，无论对方出什么角色自己都出执事
工作后,天才少女搭档经历,1,与冷漠的理科天才少女搭档，主要出国产二游角色
工作后,现任 CP 经历,1,与现任 CP 持续搭档至今，对方 ID 也是重巡洋舰
工作后,职场观察,1,作者发现老板对摸鱼员工宽容，却打算解雇主动承担更多工作的努力员工
工作后,心理状态延续,1,离开校园多年仍保留寒暑假概念并憧憬夏季活动
工作后,日常行为模式,1,每周去学校接女孩子放学并长期在学校周边活动
工作后,社交圈层特征,1,因女伴被视作孩子而常与同龄人长辈化、自己坐小孩桌
工作后,生活重心偏移,1,比起工作更头疼作业，需帮伴侣抄写未完成作业
工作后,季节性焦虑,1,春节后担忧寒假作业来不及而非上班
工作后,外界身份误判,1,与高中女生牵手买冰淇淋被误认为情侣而非父女
工作后,性格特质保留,1,与伴侣相处时仍流露初中时期爱恶作剧的性格
工作后,亲子互动模式,1,面对母亲批评时撒娇蹭人并被母亲笑着推开
工作后,跨龄社交能力,1,能与小学生打成一片并互相交换礼物
工作后,担任私人管家,1,受雇照顾一名富家少女，负责接送、跑腿及生活协助
工作后,漫展角色扮演,1,在漫展穿正装扮演管家，用特定称呼引导少女改变行为
工作后,寝室整理服务,1,穿正装戴白手套帮少女铺床整理行李，使其因虚荣心不再迟到
工作后,日常互动博弈,1,通过幽默对话和假装报警等方式，配合少女完成作业或阻止逃课
工作后,额外文具配送,1,在周末工作时间外，应少女请求破例为其送文具并获奶茶答谢
工作后,全方位陪伴,1,工作范围扩大至陪少女去迪士尼、泡温泉、看电影等娱乐活动
工作后,获得外界认可,1,朋友认为这是自己最体面的工作，雇主对少女状态改善表示满意
工作后,职业服务,1,给浙江大小姐当司机和校园管家
工作后,情感生活,1,靠身高认识现任伴侣并担任其保姆
不明,观点阐述,24,作者认为 galgame 角色塑造可能融入作者现实感情经历 / 作者推测现实中存在混血金发大小姐 / 作者认为现实中的金发英国大小姐可能是巨乳长腿的笨蛋辣妹 / 作者分析男性追求普通颜值女性时存在的功利心态 / 作者提出女生可能考虑与喜欢的男人及另一位女性共同生活的假设性观点 / 作者认为在特定情境下女生宁愿做小老婆也不愿与不喜欢的人结婚 / 作者表达当妾的地位甚至不如炮友的看法 / 作者提出“去责任化”能提升男性魅力的观点，但未提及任何亲身经历。 / 作者分析了不同类型女性对男性吸引力的排序及心理机制 / 作者描述了男性在追求漂亮善良女性时产生的不安全感 / 作者指出缺爱且自卑的男性更倾向于选择善良但不漂亮的女性 / 作者描述了此类男性容易被漂亮坏女人勾引而抛弃女友的现象 / 作者认为大部分女人渴望被“野狗”带疯，而老实男人无法做到 / 作者认为情绪价值无法通过努力分析或模仿获得，而是玄学的顺眼感。 / 作者主张没有情绪价值属性的人应依靠金钱、品行和能力生活。 / 作者认为不存在“认真追女孩”这回事，女生交往只因初始喜欢。 / 作者提出若有人反驳金钱论并强调外貌运气，可能会遭到攻击 / 认为养缅因猫与橘猫对人类的体验差别不大 / 作者提出爱情核心是“看到对方就开心”而非优秀品质 / 作者认为“男闺蜜”这一称呼掩盖了越界行为的实质 / 作者认为相貌只能带来小优待，无法获取真正的大利益。 / 作者认为想走捷径的人容易遇到坏人且最终无法存钱。 / 作者认为男性竞争仅关注动物性特征而忽视性格是愚蠢的 / 作者认为在男性竞争中金钱是负加分项，仅用于弥补原始数值的不足 / 作者认为需要高额彩礼才能结婚的男性最缺乏雄性魅力 / 作者提出人际不适多源于对方不喜欢自己的观点 / 作者认为异地恋中伴侣的远程建议常被解读为无用且令人厌烦 / 作者认为禁欲式教育导致校园恋爱呈现出独特的变态情感色彩 / 作者指出女性间存在表面亲热背后记恨的普遍现象 / 认为“贤惠”和“经济适用”是利他且自我矮化的形容词 / 作者提出将故事主角性转后即为女生对黄毛产生魅力的原因 / 作者认为女生更介意伴侣在精神层面属于他人而非单纯的肉体出轨 / 作者指出若伴侣是老实人人设，被抓到实质出轨比被抓到精神出轨更有回旋余地 / 作者观察到再强势的女生也不愿看到伴侣当面回复其他异性的消息 / 作者强调人在任何身份下都应拥有自主决定权 / 作者未提及任何亲身经历，仅对恋爱关系中的本能与理性分析提出观点。 / 作者提出男生应尝试不靠金钱谈恋爱以认清爱情本质 / 作者认为爱情中不存在谁必须为对方花钱的道理 / 作者批评将恋爱中花钱视为单方面义务的言论
不明,社会观察,18,作者观察到部分男性被社会规训为顺从且愿意用金钱换取真爱的状态 / 作者观察到现实中常出现秃头肥肚老男人幻想自己是魅力大叔并搂着学生妹演肥皂剧的现象 / 作者指出有工作压力的人很难让女人快乐 / 作者指出暗金丑岛君中描述的年轻女性因高利贷陷入风俗业并迅速被毁掉的普遍现象 / 作者观察到社会普遍灌输“有房有车有钱就能获得女性喜爱”的观念 / 作者观察到现实中外表条件好的大学生比社会青年更受欢迎 / 观察到浙江人普遍富裕 / 作者对比了男女在“花钱找人”言论上的不同心理反应 / 作者指出有钱人通常不愿进行长期包养，认为其性价比低。 / 作者指出上海情侣结婚时面临来自双方父母的经济考验。 / 作者观察到若女生坚决不生，家长催婚压力将转移或消失 / 作者观察到过去社会主流批判不婚者，视结婚为荣耀，不婚者被嘲笑为屌丝 / 作者观察到当前社会舆论转变，部分有生育能力的人开始坚决喊口号不结婚 / 作者认为女性群体对同类情绪化行为零容忍且易结仇 / 作者指出许多中国人兼具经验与学习能力的特质 / 作者分析了不同年代男性在两性关系中的行为模式差异 / 作者指出部分成年人因被金钱规训而不敢确认对方心意 / 作者观察到舆论长期逼迫年轻人买房结婚并卷教育 / 作者观察到过去社会存在男性需无条件承担恋爱费用的规训现象。
不明,行业观察,15,作者指出二次元作品为商业利益将女性角色视为定制商品并避免其被强暴的现象 / 作者观察到有商业价值的二次元角色通过前传或同位体设定实现“复活”的常态 / 指出二次元角色多由成年创业者为讨读者欢心而设计 / 作者指出国产动画创作常受作者心情和近期经历影响 / 指出日本动画早期多为玩具厂投资的广告片，从业者首要诉求是生存接单。 / 认为日本动画是在子供向限制中夹带私货才造就了经典作品。 / 强调没有商业机器人动画的土壤，就不会诞生《攻壳机动队》等严肃作品。 / 作者观察到国内漫画作者和 galgame 制作人普遍存在以“坚持梦想”为名行情绪宣泄之实的现象。 / 作者指出黑皮辣妹风格在二次元及哔咔平台属于小众分类，部分作者会绘制有无晒痕的差分版本。 / 作者观察到八十年代日本通过商业动画传播了机器人技术发达的假象 / 作者观察到许多小老板因盲目扩张而背负债务最终暴雷的现象 / 作者指出理智的老板会拒绝大单或转包以规避风险 / 作者观察到 AI 技术降低了行业门槛并导致内卷加剧 / 作者指出制造业常因外界偏见而不敢透露真实底价 / 作者观察到十年前男性向作品常自我批判，而当下因舆论环境变化导致角色塑造转向政治正确。 / 作者提出巴黎奥运会开幕式可作为筛选美术工作者的标准 / 作者观察到商用美术领域因顾客抵制而难以接受 AI 生成内容 / 作者观察到现实中仍有大量年轻人需要工作且实业资本家并未转行。 / 指出网络小说作者若身份暴露可能面临私生活被挖掘及身败名裂的风险
不明,观察总结,12,作者认为女人谈恋爱只追求快乐，而非老实或专一 / 作者观察到女生更偏好网球、游泳等运动而非举铁，并认为她们看重的是高颜值和匀称身材。 / 作者指出男生与女生在“掏裆游戏”中承受力度存在差异，并描述女生可能从挑战转为恐惧尖叫的反应。 / 作者观察到身边擅长做家务的女生通常都很聪明且学习能力强 / 作者指出真正喜欢的女生会主动联系并邀约，而男性也能察觉敷衍情绪。 / 作者对比了长期伴侣与短期伴侣在行为模式上的差异，未提及自身经历。 / 作者总结异地恋中一方在困境时易对远方伴侣产生负面情绪的现象 / 作者总结高中恋爱中男女双方将关系视为激烈攻防战的现象 / 作者观察到穷小伙的上进心往往源于仇恨心并会拖累伴侣 / 作者基于观察总结了这类男性“不发脾气、无所谓、温柔回避”的行为模式 / 作者指出初中生使用电报通常意味着有成年男性协助 / 发现用“小恶魔”形容姑娘会让她们特别开心
不明,观点表达,11,作者认为少女比少妇更具活力和新鲜感 / 作者认为少女敢穿老土情趣内衣玩调情 / 作者认为少女比少妇更懂调情门道 / 作者认为少女穿婚纱扮少妇比少妇穿 JK 扮青涩更刺激 / 作者认为给彩礼的婚姻很悲哀 / 作者表示若有人利用此类角色蹭政治正确，会认为这类角色令人厌烦。 / 作者认为强制社保政策是在折腾个人而非公司 / 作者质疑未缴满社保年限人群的权益保障问题 / 作者批评政策只强调缴费而忽视配套说明 / 作者认为该政策实质是向贫困群体强行收费 / 作者认为戒色会导致焦虑和精神无法集中 / 作者认为充分满足欲望后心情愉悦且大脑干净 / 作者不理解纵欲伤身的说法 / 作者认为欲望应完全散发才能让人变得干净 / 作者认为憋着欲望会让人越来越变态 / 认为让主角对援交系角色当舔狗是抹杀角色魅力且令人厌恶的设定 / 作者认为普通交流即可接近 coser，无需将其神化 / 作者认为无血缘关系的异父异母兄妹恋爱不存在道德伦理问题。 / 作者表明自己是一个讨厌处女的人 / 作者批评反思怪不希望中国人认真学习西方经验的态度 / 作者认为不应为了贞操而牺牲性命
不明,恋爱经历,10,作者曾与一位25岁且同居过三年的女性谈过恋爱 / 作者曾与一位16岁还在读高中的女性谈过恋爱 / 作者曾有一位出身双公务员家庭的前女友 / 作者曾经历一段被灌输“男性必须主动”观念的恋爱关系 / 作者曾交往过多个女友并频繁更换 / 作者的所有恋爱对象都曾试图挑衅以激怒其动手，但均未成功。 / 作者曾交往过两位田径队的前女友 / 作者曾交往过一位水泳部的前女友 / 交往过众多女生且被三位数女性拒绝 / 曾交往过一位高个长腿的山东姑娘 / 交往过多种性格类型的女性并作为创作原型 / 与伴侣在排队时因对方晕倒在自己身上而相识
不明,观点陈述,9,作者认为女性天生愿意为爱人倾尽所有，而非亲身经历的具体事件 / 作者指出若女性不愿在社交中花费分毫，说明她并不喜欢对方 / 作者认为大部分女生对男性强壮身材的接受度有限且偏好特定体型 / 作者认为将情侣家事公开审判无意义且无法明辨是非 / 作者认为女性理性时可能表现得比较残忍 / 作者提出关于仅凭外貌和年轻即可吸引异性的反直觉论点 / 作者认为手机是存放精神垃圾的外置器官，能揭示人的真面目和阴暗面 / 作者指出若深信钱是给女人看而非花的，连捞女都捞不到 / 作者表示无法理解为何穷小伙的上进心通常带有仇恨色彩 / 作者认为年轻人已看透努力攒钱只会让他人获利而自己沦为血包
不明,观察社会现象,8,作者观察到穷人渴望轻松赚钱并易被简单骗局吸引的现象 / 指出上海本地家庭通常反对外地男性上门的普遍现象 / 作者观察到存在只想要钱却拼命进行精神控制（PUA）的女性行为模式 / 发现许多男生过去缺乏工资自主支配的概念 / 注意到部分男生赚钱后本能地想通过给女友花钱来完成婚恋轮回 / 发现新入职的年轻男性因体验自主消费的快乐而不愿再承担传统供养角色 / 作者近两年观察到身边创业的年轻人增多且普遍焦虑挥霍积蓄。 / 作者观察到对钱有执念的男性将他人视为垫脚石并合理化压榨行为 / 指出独生子女在购房等大额支出上倾向于双方家庭共同支援的普遍逻辑 / 发现许多人因害怕失败而选择拖延不结束事情
不明,漫展观察,5,发现近两年漫展上 coser 的着装暴露程度逐年小幅上升 / 作者在漫展上看到一位穿黑丝高跟鞋的女性被摄影师围住 / 作者在没有互联网的时代曾亲眼目睹腐女在漫展上通过夸张动作和尖叫笑声压制他人观点。 / 作者观察到漫展上多数同好仍认真准备道具与假毛 / 作者描述在漫展排队时因角色周边引发陌生人聊天的常见场景
不明,观察现象,5,指出班级里放音乐或带吉他等行为的待遇取决于个人人气而非内容本身 / 发现知乎回答下许多人忽略了 3D 打印有毒的事实 / 观察到普通人玩一两次 3D 打印后便将其束之高阁 / 作者指出二次元男女对立至少二十年前就已存在 / 作者认为现充与阿宅的争论多为互相贴标签和玩梗 / 作者观察到长得好看的人很少思考公平问题且理所当然享受优待 / 作者观察到长得好看的小姑娘偶尔会抱怨交不到朋友 / 作者观察到若有人当真安慰好看的人，对方会翻白眼反驳 / 作者观察到有人在被拒后恼羞成怒，要求对方解释理由并试图驳倒对方。
不明,自我认知,4,作者自述为纯军盲 / 作者承认自己骨子里也是看颜值的 / 作者自认道德底线较低 / 作者认为自己是一个强大的个体并对此感到自豪
不明,现象观察,4,作者指出部分男生在女生不喜欢时仍执迷于网上技巧而沦为舔狗。 / 指出土猫易养、繁殖率高且常被免费赠送 / 作者观察到有人专门诱导年轻女性形成错误的消费观。 / 作者观察到沙优这一角色让死宅群体感到破防
不明,价值判断,4,认为宠物贩子因土猫易得而不开心 / 作者质疑此类关系中双方是否已发生超越友谊的行为 / 作者认为肉体在某种程度上是廉价的。 / 作者主张年轻人应将资金用于自身享受而非成全外人
不明,审美偏好,4,与前任交流中发现对方接受某些内容却排斥 JK 制服 / 作者自称是黑皮控并持续喜爱黑皮女性 / 认为别人画的特定部位不如自己画的来得爽。 / 作者表示在好看与不好看之间会选择好看的。
不明,性格特质,4,做事逻辑清晰且极少着急 / 作者习惯开各种玩笑且不介意冒犯他人 / 现实中幽默风趣但纯文字聊天时表现干巴巴 / 作者自述讨厌暴力且几乎不会生气 / 作者喜欢向女性撒娇并寻求亲密肢体接触 / 作者即使厌倦伴侣也会全程保持耐心不表现不耐烦
不明,情感认知,3,作者认为现实中存在一开始就对自己好感度拉满的姑娘 / 作者认为女性对感情的触发机制是莫名其妙的 / 作者认为若女性不主动付出则不应相信其言语
不明,亲密互动,3,做爱后愿意黏在对方身边听其聊天 / 作者回忆前一晚与一位女性发生亲密接触并抬起其双腿的经历 / 与前任在电话中坦然讨论发生性关系
不明,观看动画经历,3,作者曾观看并了解《宇宙骑士》第一部和第二部剧情 / 观看过《宇宙战舰大和号 2199》等太空科幻作品 / 作者记得动画第一季播出时死宅群体对女主的负面评价
不明,观察行业现象,3,发现商场、料理店及工艺广告的宣传海报大量使用 AI 生成图片 / 观察到奶茶店和快餐店服务员与外卖员在高峰期频繁发生争吵。 / 作者观察到 2002 年前后 80 后老粉丝与 90 后新观众因对《seed》评价差异巨大而在网上激烈争吵
不明,无个人经历,3,文中未提及作者亲身经历的事件或状态 / 文中仅包含观点劝诫，未提及作者亲身经历的事件或状态
不明,情感困惑,3,作者至今无法理解为何在优秀的人很多的情况下，对方会那么喜欢自己 / 觉得找到不以结婚为前提的交往对象比结婚本身更难 / 作者始终无法理解女生喜欢自己的原因
不明,外貌特征,3,与前任交往中发现对方都染了鲜艳的发色 / 拥有普通白肤黑长直发且无刘海 / 作者长相偏幼态且比一般男性更可爱
不明,情感态度,3,对丢失物品毫无懊悔且无执念 / 作者自称可以轻易说出伴侣最重要并承诺先救对方 / 作者完全不羡慕女性的任何地方
不明,恋爱观察,3,作者指出恋爱期间从未一起做饭的情况较为奇怪 / 作者认为面对面交流半天即可确认是否看对眼 / 作者认为颜值高的伴侣在吵架时能缓解视觉不适。 / 作者指出高颜值伴侣能带来外界更多的善意。
不明,心理状态,3,看着朋友坚持“努力沉淀”却不知目标已被自己“吃掉”时感到有趣 / 作者因长期与美少女交往，心态变得平和，自称为“真西格玛状态”。 / 作者对羡慕女性被视为政治正确感到困惑
不明,特殊关系互动,2,与第二位“变态淑女”从网络语音发展到线下进行无安全词的施虐与辱骂互动 / 与一位强势的“商会大小姐”保持每周固定见面、由其买单的互动模式
不明,社交回避,2,因不愿在陌生异性面前暴露醉酒呕吐的狼狈相，多次拒绝在酒店开酒会 / 作者会主动疏远对自己无好感的女性以防未来被嫉恨
不明,社交应对策略,2,面对女性批评时选择附和与事后推脱的应对方式 / 作者遇到自称处女的女性时会礼貌告别并逃离
不明,社交互动,2,作者虽觉朋友私生活混乱但因对方不虚伪仍愿与其交往 / 扮演 B 阶兰斯洛特时因未露脸却被 Coser 姐姐主动搂住胳膊
不明,情绪安抚,2,陪伴患有严重焦虑症的大小姐以稳定其情绪 / 在对方回复后迅速转换态度进行安慰与关心
不明,结识朋友,2,作者拥有两位同济大学的朋友 / 被金发笨蛋蹲在路上拦下索要香烟从而相识
不明,情感观察,2,作者观察到在感情中对方是否顺眼才是成功的关键，而非追求技巧。 / 作者交往过多位颜值七分的姑娘并观察其择偶倾向
不明,社交经历,2,从未成功欺骗过任何人 / 作者曾遇到一位谎称身材较小实则更大的前搭子
不明,职场观察,2,作者观察到部分老板将员工视为 NPC，只重规则考核而忽视情绪与能力匹配，导致员工被用废或离职。 / 认为女同事关系充满性张力，建议避免发展恋情
不明,现象描述,2,作者描述部分人通过运气小赚或找到伴侣后，坚信金钱能碾压外貌的真理 / 作者描述特定类型高中生情侣在压抑环境下产生的报复性亲密行为
不明,听闻轶事,2,作者听闻老板曾开玩笑愿资助激进女权组织 / 听父亲讲述当年电视台播放《宇宙骑士》未剪辑全裸变身
不明,职业背景,2,作者自称学习过画画 / 作者在公司工作期间，全公司统一使用中文版软件，唯独作者当初学习的是英文版。
不明,情感经历,2,经历过美好的爱情，并曾因此感到自责 / 作者曾谈过四五个对象
不明,邀约见面,2,在鬼节前夕邀请对方见面并承诺保护 / 作者主动联系对方并提议见面、买票及安排行程
不明,性经历,2,十五岁时曾与女朋友在家偷偷发生性关系 / 作者曾凭借强壮体力和持续输出，让伴侣在求饶后仍坚持到最后并产生绝望感。
不明,创业经历,2,作者开设了一家仅 200 平米、五人规模且不赚钱的小公司 / 作者曾开设一家小型商务咨询公司并从事初创企业投资业务
不明,认知判断,2,作者认为上海白领中午几乎不吃猪脚饭 / 作者认为语音、自拍或涩图能迅速摧毁好男人的道德防线
不明,社交观察,2,作者观察到女生若因该电影大笑则代表喜欢对方 / 作者观察到过去情趣行为如今可能演变为保命手段的现象
不明,身体特征,2,与前任交往中发现对方都有纹身且藏在隐蔽处 / 作者拥有 190 身高、超越常人的体力且很受欢迎
不明,消费习惯,2,购买日抛隐形眼镜而非配镜，不在乎性价比 / 作者长期习惯花用女性伴侣的钱
不明,朋友借钱,2,作者去日本旅游资金不足时，向一位朋友借到一万元 / 作者因后辈有钱而经常向她借钱且她从不催还
不明,社交互动状态,2,目睹交往对象离开时抛弃其身边的男性朋友 / 作者的朋友因不相信其拥有能包容其深夜看片哭泣的女友，而质疑作者的感情真实性
不明,经济拮据,2,经常处于没钱的状态 / 因房租、医疗及赡养父母等开支而时刻担忧下月生计
不明,情感愿望,2,渴望赚大钱以回馈女生 / 希望父母健康长寿并决心回报
不明,情感互动,2,作者曾向伴侣表达对方是最好的男人 / 作者玩弄对方头发、被对方扑倒怀里等亲密互动
不明,网络观察,2,作者观察到知乎上关于女性能力的讨论中，唯独在“搬水”话题下缺乏展示女性能力的个人案例分享。 / 作者观察到推特上男女擦边内容比例相当且男性可能挤占女性赛道
不明,观影体验,2,观看某部涉及敖德萨大撤退的动画并产生强烈反感 / 作者观看了一部节奏拖沓、剧情无聊的电影并感到极度失望
不明,恋爱状态,2,作者与一位外貌出众的女朋友交往，即使争吵也感到舒适。 / 作者描述提问者正在经历一段需要持续花钱维持、缺乏情感正反馈的恋爱关系。
不明,亲密肢体接触,2,作者在机场停车场抱着躲在大衣里的雇主寻找车辆 / 在疲惫时依靠对方肩膀、牵手或挽臂过马路
不明,能力自述,2,作者认为自己拥有能化解他人负面情绪并让对方开心的天赋 / 作者自述擅长街头打架，具备一打四的实战能力
不明,社交试探,2,作者喜欢对熟人直言没钱并观察对方反应 / 故意对不熟的女生说冷静话语并观察其反应
不明,生活态度,2,养成过一天算一天、遇事不计划且依赖他人救援的习惯 / 作者认为比恋爱有趣的事情很多
不明,动画观看体验,2,观看 0079 TV 版时将其中的吉恩军行为对标天顶星人以理解其塑造逻辑 / 作者观看并评价了多部机器人及科幻题材动画作品
不明,感官偏好,1,作者表达对带有强烈荷尔蒙气息的异性肉体气味的喜爱
不明,与官方对抗,1,死宅每时每刻都要和爱夹私活、爱让角色自由发挥的作者和官方斗得死去活来
不明,氪金与炎上,1,通过不停氪金以及疯狂炎上，试图让官方勉强将角色塑造得完全讨好自己
不明,朋友剪发,1,朋友因头发被混合液黏住无法打理而剪掉留了好多年的长发
不明,观察现状,1,作者观察到二次元线下活动由无数小圈子组成，不混圈者易感孤独
不明,社会变迁,1,作者指出当前融入小圈子的难度已远超二十年前
不明,社交行为改变,1,从很少主动搭讪转变为去年开始随意勾搭看中的 coser
不明,对成人恋爱观的质疑,1,作者认为成年后谈恋爱依然充满算计与混乱，并非如长辈所想般成熟美好
不明,对成长逻辑的反思,1,作者指出靠做题无法让人在恋爱上开窍，质疑“长大自然懂爱”的普遍认知
不明,对恋爱技巧的否定,1,作者认为真正开窍的人不会去收藏所谓的恋爱教程或追人技巧
不明,展会观察,1,作者观察到国内展会中女性社团数量远超男性且摊位多为二创周边
不明,爱好被误解,1,作者因爱好被误认为是喜欢泡泡玛特和高达的潮人
不明,爱好被歧视,1,作者因二次元爱好被他人认为恶心甚至想报警
不明,隐藏具体爱好,1,作者因害怕被歧视而不敢具体说明喜欢的二次元内容
不明,群体心态转述,1,作者转述了二次元男性观众因角色被强暴剧情而感到被背叛和羞辱的普遍心理
不明,恋爱经历缺失,1,作者表示从未遇到过会说出“你不懂我”这类话的女生
不明,日本街头挑衅,1,作者在日本旅游时故意瞪视路人并冲撞，甚至吓退一位老人
不明,模仿影视角色,1,作者为挑战当地人，特意剃平头并穿上带金龙刺绣的体恤模仿《暗金丑岛君》主角
不明,练习弹舌技能,1,作者专门练习了弹舌技巧，但在日本旅游期间未实际使用
不明,观看奥运会,1,作者在工作后观看奥运会比赛并为中国队成绩感到高兴
不明,参观纪念馆,1,站在南京大屠杀遇难同胞纪念馆门口感到喘不上气
不明,虚构假设,1,作者设想自己以男性身份强行闯入女浴室的荒诞场景
不明,感慨猫粉群体,1,2025 年看到仍有众多雄猫粉丝感到感慨
不明,拒绝推荐,1,因老板脾气不好而直接拒绝被推荐去特色小店
不明,表达偏好,1,明确表示无法接受服务态度差或过度推销的老板
不明,负面体验,1,因老阿姨态度恶劣而不喜欢上海的德兴馆
不明,往返饭厅,1,每次吃饭需从三楼跑至一楼饭厅
不明,日常爬楼,1,休息日在家每天至少爬 70 层楼
不明,应母呼喊,1,母亲在院子喊一次需上下跑六层楼
不明,重复购置冰箱,1,为解决取物不便在每层楼都配置冰箱
不明,雇佣保洁,1,因房屋面积大不请阿姨无法打扫干净
不明,定期除草,1,每两个月需清理一次大院子杂草
不明,高额电费,1,日常电费约 700 元，夏季高达 2400 元
不明,物品难寻,1,因楼层多导致物品常需上下寻找却找不到
不明,观察上海家长教育模式,1,描述上海家长常以稳定工作、高福利和房产支持为由劝阻子女外出发展
不明,通勤距离认知,1,作者认为对大部分市区上海人而言，前往松江火车站已属于噩梦般的远距离。
不明,交通耗时认知,1,作者指出从人民广场乘地铁前往海边至少需要三个半小时，往返需六个小时。
不明,现实对比,1,认为现实中的未成年人与精心设计的二次元角色无法相提并论
不明,听闻朋友言论,1,听到朋友描述关于 JK 制服的背德感言论后感到血压升高头痛
不明,途经南京的客车经历,1,作者在泡温泉途中乘坐客车经过南京大屠杀遇难同胞纪念馆时，目睹全车人自发沉默直至驶离。
不明,市场洞察,1,作者发现部分能赚钱的国模无需制作动画和漫画
不明,观察网络恋爱攻略乱象,1,作者观察到过去互联网上存在大量互相矛盾的追女生攻略，导致许多人陷入困惑。
不明,目睹社会规训现象,1,作者看到社会对男女双方进行矛盾的说教，一方面指责男性不够诚意，另一方面教导女性要矜持。
不明,洞察恋爱本质规律,1,作者总结出恋爱中“对方是否喜欢”才是决定行为对错的核心，而非技巧或付出。
不明,知识获取,1,作者通过一位爱出碧蓝航线的 coser 小姐姐科普了解 IJN 相关知识
不明,审美观察,1,作者至今只遇到过一双 170 以下却拥有与 170 以上同等好看长腿的女生。
不明,观赛经历,1,目睹韩国选手失误导致平局机会错失并感叹竞技残酷
不明,观赛感受,1,感受到韩国选手带来的巨大压力
不明,观赛体验,1,欣赏黄雨婷闭眼瞄准的射击姿态
不明,情感偏好,1,作者表示喜欢内向帅气中年大叔与小恶魔青春 JK 的背德恋爱喜剧设定
不明,工作角色经历,1,作者曾担任大小姐的跑腿人员 / 作者曾担任其他姑娘的伴游
不明,工作互动状态,1,作者常被女性询问是否具备打架能力 / 作者被大小姐要求戴手套做出拦人挡在前面的动作
不明,虚构场景构想,1,作者描述了一个包含女友、海边活动及漫展的虚构夏日体验场景
不明,使用 AI 工具,1,在 DeepSeek 最火时下载并使用了该应用
不明,测试 AI 准确性,1,向 AI 询问高达 RX-78 光束步枪功率及加岛勇等设定
不明,发现 AI 幻觉,1,发现 AI 编造了不存在的型号、机师并否认官方设定
不明,创作困境,1,过去在写作涉及医生等陌生专业领域时，常因资料难寻或信息不准导致内容僵硬或错误。
不明,工具试用,1,近期尝试使用 AI 工具生成医疗急救场景的专业对话和处置流程。
不明,创作反思,1,发现 AI 生成的内容虽专业但存在刻板套路（如刺青、撕衣），需人工润色修改。
不明,创作对比,1,认为经 AI 辅助并润色后的台词，比国产医疗剧更自然且符合职业身份。
不明,厌恶特定男主类型,1,极度讨厌日式阳痿亚撒西男主
不明,偏好特定剧情走向,1,喜欢看苦主后悔痛苦追悔莫及的样子
不明,经济依赖状态,1,作者长期不工作，生活开销及大额支出完全依赖父母供给和交往对象承担
不明,恋爱交往经历,1,作者与多位富家女（二代、三代）交往，对方均不看重其身家背景
不明,情感互动模式,1,作者曾通过暴力手段（如甩耳光）平息暴躁女友的怒火并确立关系
不明,特殊关系状态,1,作者与某位大小姐存在非恋爱但长期被其包养并作为情绪代餐的微妙关系
不明,合作建议,1,表示若从业者一上来就宣称要成为押井守，则拒绝与其合作。
不明,酒精依赖与放纵,1,作者长期通过大量饮酒追求大脑晕乎的快乐状态，甚至发展出在浴室呕吐唱歌的固定行为模式
不明,经济崩溃,1,因沉迷饮酒导致穷困潦倒，将前老板给的钱全部用于买酒和开房
不明,情感依赖,1,对同样嗜酒的前老板产生特殊好感，视其为同类并享受与其共饮
不明,处世原则习得,1,从家中大小姐处学到利益优先于原则的处世哲学
不明,朋友交往观,1,作者朋友公开表示只交往辣妹不害老实人
不明,参加好友葬礼,1,作者参加因过劳死的好友葬礼时主动下跪，后被旁人拉起。
不明,表达下跪意愿,1,作者表示无论是面对自家长辈还是早逝朋友，都愿意通过下跪来安抚他人情绪。
不明,朋友安利经历,1,多次向朋友推荐 Z 高达被拒，后因角色关联成功引导其补番
不明,朋友追番状态,1,朋友因习惯周更节奏，在 GQX 完结后产生戒断反应
不明,观剧陪伴状态,1,连续四个月观看并陪伴 GQX 动画播出
不明,游戏经历,1,在玩《皇牌空战零》贝尔卡公国关卡时击落三架不躲避的米格 -21 战机
不明,观影感悟,1,观看《机动战士高达 0080》时因吉恩士兵的牺牲精神而深受触动
不明,恋爱模式总结,1,作者认为自己的恋爱几乎都是一见钟情，无需技巧或努力。
不明,与野狗互殴,1,作者常采取威吓加棍棒的手段逼退野狗
不明,徒手搏狗致伤,1,作者因徒手打赢野狗导致手臂修养半年
不明,收服流浪狗,1,作者因心软未下死手，被伤愈后的德牧串串认作老大
不明,代付文具,1,因大小姐手机丢失无法联系，通过门卫转交现金购买文具
不明,挪用资金,1,偷偷使用大小姐的钱来救济自家的猫
不明,接送寻人,1,在商场寻找因手机遗落出租车而失联的大小姐
不明,保管手机,1,为防止大小姐再次丢失手机，长期将手机放在自己口袋里
不明,日常接送,1,受雇于大小姐父亲，负责接送有严重路痴的大小姐上下学
不明,陪同购物,1,陪大小姐去大丸百货购物并纠正其方向感错误
不明,职场实习,1,在父亲公司打工期间安排女友同住附近酒店
不明,日常陪伴,1,每天午休与女友共进午餐并分享工作烦恼
不明,加班守候,1,女友在同事下班后独自到公司陪伴加班
不明,共同出游,1,下班后与女友一同外出游玩并倾诉不满
不明,差旅同行,1,出差时携带女友同行并共同经历红眼航班延误
不明,旅途互助,1,女友协助整理资料，作者为忘记吃饭的女友准备食物
不明,极端温差,1,出差遭遇 40 度温差时脱下衣服给受冻的女友
不明,浏览视频平台,1,昨天在 B 站刷视频时发现了适合题目的古生物资料
不明,朋友怪癖观察,1,作者目睹朋友因不喜欢走路而蹲在板车上让人推着逛马路
不明,玩笑互动,1,作者开玩笑询问朋友若将来瘸了该怎么办
不明,目睹婚恋矛盾,1,看到因彩礼问题将婚姻视为买卖的争论感到愤怒
不明,防空洞探险,1,小时候无聊时曾去防空洞探险
不明,通勤迷路,1,作者误以为从人民广场经四平路去五角场只需二十分钟，结果遭遇严重堵车。
不明,路线纠错,1,作者事后承认自己再次混淆了上海地铁八号线与十号线的换乘方案。
不明,工作意愿设定,1,作者表示若月薪 4000 元且满足坐班、短工时等条件则愿意工作
不明,通勤对比观察,1,作者观察到外地朋友能接受更高工资但需忍受四小时通勤
不明,竞争心态自述,1,作者坦言自己在“内卷”程度上不如外地朋友
不明,家庭观念描述,1,作者指出上海父母普遍求稳，认为低薪加补贴足以维持生活
不明,家庭备货,1,家里开始购买春节装饰品
不明,接待准备,1,为三位来访的小朋友准备新床上用品
不明,工作统筹,1,父亲统计员工返乡时间并推进年会采购布置
不明,餐饮安排,1,已预定好年夜饭
不明,行程规划,1,计划一月中旬接人、采购年货及给宠物洗澡换衣
不明,庭院布置,1,计划一月叫工人清理院子并摆放春节氛围植物
不明,情感期待,1,感觉周围年味渐浓，期待特定对象状态好转
不明,恋爱相处试探,1,曾因在伴侣面前放低姿态被评价为缺乏自信 / 曾因试图平衡自信与尊重被评价为阴阳怪气
不明,恋爱相处转变,1,决定按自己节奏行事后反而让伴侣感到开心
不明,恋爱相处观察,1,发现伴侣更在意自己是否弱于其他男性而非是否尊重她
不明,恋爱相处模式,1,伴侣喜欢自己无脑行事并强势应对他人以规避冲突
不明,听闻动画衰退论,1,听说 2010 年时人们哀嚎日本动画已死
不明,多任务视频制作,1,作者能同时运行剪辑、音频、网页及 AI 软件并流畅切换操作
不明,别墅维护观察,1,指出别墅每周需清扫楼梯、两周需打理园艺，否则环境迅速恶化。
不明,家庭负担认知,1,认为单靠一家人难以维持别墅整洁，且相关费用高昂。
不明,被 coser 姐姐要求穿女装,1,一位大作者三岁的 coser 姐姐执意让作者穿女装并与其互动
不明,模特班学习经历,1,作者在模特班期间曾穿过女装、化过女妆并学习走女步
不明,陪姐姐逛漫展,1,作者穿着女装陪姐姐逛漫展，而姐姐只出男性角色
不明,与姐姐的亲密互动,1,姐姐试图与作者发生亲密关系，但作者最终反客为主
不明,交往受挫,1,多位交往对象评价自己嘴太毒
不明,情绪直给,1,遇到不对劲的事下意识脱口而出脏话
不明,社交包容,1,朋友伴侣炮友对自己言语攻击相当包容
不明,逗笑同伴,1,用拿路人开玩笑的地狱笑话逗笑家教好的朋友
不明,拒绝反省,1,长期不思考他人感受且从不反省自身言行
不明,情感操控观察,1,作者描述了一种通过贬低他人、推波助澜让女性逐渐变糟糕来使其感受到“爱”的操控模式。
不明,虚构场景构建,1,作者列举了多个虚构的对话场景，展示如何哄骗女性逃避工作责任并索取家庭钱财。
不明,旁观者建议,1,作者以旁观者口吻总结，建议对处于该状态的女性不管死活。
不明,朋友出行习惯,1,朋友喜欢作者开共享单车推着她玩
不明,骑行遇险经历,1,作者推车带穿洋装的朋友时，因加速跑动惊扰了尾随的三名男子
不明,倾听朋友抱怨,1,作者听到多位朋友抱怨自己遭遇过多“舔狗”行为
不明,嗅觉体验,1,作者描述从小腹向上闻到的健康肉味是一种令人愉悦的气味。
不明,观看旧剧场版后的心理状态,1,看完旧剧场版后的若干年里，对蔚蓝的天空产生恐惧和憧憬
不明,文化认知觉醒,1,国内开始流行克苏鲁文化时，意识到 EVA 的恐怖源于其“克”的特质
不明,对婚恋圈的认知转变,1,长大后意识到在同一个圈子内寻找伴侣其实相对容易
不明,家族见闻,1,听说表哥结婚时收了 30 万红包且全部由小夫妻带走
不明,宅圈社交观察,1,作者观察到宅友在涉及军服或枪械角色时会进行大量说教式吐槽
不明,经济拮据状态,1,作者长期处于没钱但靠外貌和性格维持人际关系的常态
不明,被异性投喂经历,1,作者曾收到女生主动投喂食物及生日礼物
不明,初恋零成本经历,1,作者第一次恋爱时未花钱，反而让女生花光零花钱
不明,人生建议,1,作者建议 16 岁夏天与女友进行海边旅行以缓解中年对肉体的执念
不明,福利姬搭子经历,1,作者曾与一位前福利姬 Coser 组队，对方在认识作者后立刻停止接单并全天候跟随作者生活
不明,朋友转述的约会经历,1,朋友讲述带 JK 约会与带女同事约会时对方反应的巨大反差
不明,对网络观点的观察,1,发现大龄女性在回答中强调自己“难追、要求高”是优势
不明,对婚恋逻辑的质疑,1,认为“年纪大、难追、要求高”本质上是劣势而非优势
不明,客户管理经历,1,作者在工作中接触的客户多为坐办公室人员，且这些人误以为靠辱骂或投诉就能管理好工人。
不明,旅游习惯,1,作者习惯背包出行且能自主把握出发时间
不明,交通体验,1,作者坐高铁时买零食靠窗，坐飞机时在机场买酒与群友聊天
不明,住宿流程,1,作者抵达目的地后先打车入住酒店并洗澡换衣
不明,饮食状态,1,作者曾在夏天坐在马路边吹凉风边吃小吃边聊天
不明,游玩方式,1,作者曾在陌生城市无计划游玩四五天并喝醉后高声歌唱
不明,社交筛选经历,1,拥有三位数女性朋友但仅四五人契合恋爱
不明,恋爱认知状态,1,认为找对象很难且不应盲目相信教程
不明,C 圈见闻,1,作者听闻并目睹 C 圈内大量涉及未成年及变态行为的经历
不明,社交吐槽,1,作者在与朋友交流时，内心吐槽对方不知身边人刚带未成年参加聚会的经历
不明,观察教学现象,1,看到老师对特定学生存在偏心现象
不明,观察职场社交,1,发现教程无法保证酒桌敬酒时不被领导视为愚蠢
不明,洞察社会规则,1,认识到人情世故本质是不讲道理且取决于对方是否顺眼
不明,自我否定,1,作者自认是废物且浑浑噩噩地活着
不明,拒绝责任,1,作者认为自己和同类男性无需承担社会变革的责任
不明,童年玩具接触,1,八零后童年在沿海城市玩过高达模型
不明,童年信息缺失,1,1997 年前不知道玩具对应的动画作品名称
不明,童年认知局限,1,1997 年前未将玩具模型与动画系列联想为同一作品
不明,漫展互动经历,1,在漫展结束后躺在女友腿上时鬼使神差喊了对方“妈妈”
不明,情感体验状态,1,当时被巨大的羞耻感与治愈力同时包围
不明,游戏观察,1,作者认为现实中的女生比 galgame 女主角更容易攻略
不明,现实推测,1,作者推测现实中存在类似英梨梨的傲娇女生且容易通过逗弄攻略 / 作者推测现实中存在类似异世界精灵的傲娇女生且容易通过激怒攻略
不明,与德牧摔跤玩耍,1,作者经常与厂里的德牧在地上扑腾摔跤，并能将其压制
不明,与德牧互动游戏,1,作者用膝盖拱狗或用棍子逗狗，狗会躲闪或绕圈叼手
不明,日常喂养德牧,1,作者每天在厨房为德牧制作带骨肉食并观察其进食
不明,紧急救治德牧,1,作者为阻止德牧吞食辣味香肠，死命压住它并掏出口中食物
不明,担忧德牧伤人,1,作者因德牧过于热情而禁止小孩接近，担心其吓到他人
不明,共处时光,1,与对方商量晚餐和电影并共度整晚
不明,情感共鸣,1,对对方分享的一切感到兴致勃勃且觉得可爱有趣
不明,入坑经历,1,因阅读高达小说中α任务部队获救的段落而开始接触高达系列
不明,立场说明,1,作者不批判女生要彩礼因其与自身无关
不明,态度阐述,1,作者不为男性打抱不平认为这是自找
不明,愿望表达,1,作者想看彩礼强制降为零元后的结果
不明,集训期间,1,作者在集训地旁公园与练太极的老大爷们熟络并观看其展示功夫
不明,互动体验,1,作者尝试拉拽表演千斤坠的老大爷时感到对方毫无力气
不明,应对反应,1,作者因顾虑人情和赔偿而假装用力拉不动并配合对方圆场
不明,天赋体质,1,作者天生体力充沛，远超同龄人
不明,区队训练,1,在区游泳队经历高强度混合泳与自由泳循环训练
不明,田径集训,1,加入田径队后经历每日七圈热身及暑假长距离跑与全天训练
不明,母亲旅游习惯,1,母亲坚持选择带洗衣服务的高价酒店，导致洗衣费用极高
不明,临时邀约出行,1,母亲临时叫作者出游，导致作者只能穿廉价衣物并承受高昂洗衣费
不明,消费观念冲突,1,作者与母亲在酒店预算和出行交通方式上存在巨大差异
不明,遗传病伴随,1,患有喉咙狭窄的遗传病但不影响日常呼吸与说话
不明,社团配音经历,1,在 galgame 社团一人包揽多种女性及男性角色配音且身份未被识破
不明,兼职女声配音,1,曾短暂从事定制色情语音包的女声配音兼职
不明,恋爱关系状态,1,交往过的伴侣因声音天赋而对其产生强烈性冲动
不明,伴侣相处模式,1,作者与强势伴侣共同生活，对方主导决策与执行，作者只需陪伴聊天。
不明,自我能力退化,1,作者因长期依赖伴侣的高效安排，导致自己不再思考琢磨，逐渐变废。
不明,伴侣情感试探,1,作者伴侣曾小心翼翼询问自己是否过于强势会影响未来择偶。
不明,观察闷骚类型,1,描述闷骚女生在感情推进过快时会陷入宕机状态
不明,观察反差类型,1,描述反差型女生在公共场合表面乖巧实则暗中调情的行为 / 描述反差型女生在卡拉 OK 聚会中通过短信邀约并发生亲密互动的场景 / 描述反差型女生在车内假装看窗外实则进行亲密接触的行为 / 描述反差型女生在腿上装睡并偷偷摸索腰带扣的互动 / 描述反差型女生在卡拉 OK 包厢唱歌时坐在手上互动的场景
不明,借贷体验,1,经常能从花呗借呗里借出钱
不明,学历投入,1,为学历支付了沉默成本
不明,生存状态,1,生活中无法避免地需要吃苦
不明,观影习惯,1,观看了大量的电影和动画
不明,被女友吐槽审美,1,被小女友吐槽拥有搞笑的直男审美
不明,被金主吐槽审美,1,被作为金主的大小姐叹气吐槽直男审美并带去买衣服
不明,被好友调侃身份,1,被伪娘好友搂着胳膊庆幸自己是直男
不明,确认自身属性,1,作者确认自己确实是直男
不明,身份自我认知,1,作者自认为是一个会用手机的底层人
不明,朋友童年认知偏差,1,朋友从小误以为自家贫穷而渴望赚钱
不明,朋友首次创业失败,1,朋友 20 多岁首次创业亏损并倒欠债务
不明,朋友二次创业亏损,1,朋友第二次创业亏损 15 万由家庭部分兜底
不明,朋友三次创业危机,1,朋友第三次创业资金断裂时获父母 100 万支持
不明,朋友三次创业终败,1,朋友第三次创业最终失败且债务由父母承担
不明,朋友四次创业成功,1,朋友第四次创业成功并获父母 40 万赞助
不明,作者认知转变,1,作者从认为朋友励志到发现其家底雄厚
不明,行业见闻,1,作者提及工厂中老板因过度追求良品率而苛责工人，致使工人被用废并纷纷离职。
不明,观察网络趋势,1,注意到 e 绅士和推上 AI 生成的色情图片质量越来越高
不明,虚构行为设想,1,作者假设自己若对拒绝过的女生实施“利用后屏蔽再求助”的行为会遭到对方责骂
不明,乙游声线互动,1,用乙游男角色声线陪女性玩 dirty talk
不明,二游声线互动,1,用二游女角色声线给死宅念睡前故事
不明,双向情感反馈,1,因声音特质同时获得男女双方的告白与高度评价
不明,别墅生活痛点,1,因无电梯导致上下楼频繁，吃饭休息聚会集中在一楼，拿取物品需跑上跑下
不明,空间功能改造,1,在每一层配置冰箱、微波炉和客厅，将别墅改造为四层功能重复的独立平层
不明,庭院快递处理,1,习惯在天气好时将快递直接丢在院子躺椅上慢慢收拾
不明,深夜自由娱乐,1,父母出差时半夜大声放音乐，无需担心邻居投诉
不明,随意练习钢琴,1,随时弹奏家中无人会弹的钢琴，不会受到邻居干扰
不明,举办大型聚会,1,在家中举办班级派对、唱 K、看电影、玩桌游及主机游戏
不明,姐姐的关怀,1,姐姐常关心作者是否劳累并温柔安抚
不明,姐姐的照料,1,姐姐帮作者整理衣领并计划购买新衣
不明,姐姐的互动,1,姐姐穿露背毛衣时娇羞地让作者不要盯着看
不明,年少时的亲密,1,年少时姐姐曾刮作者鼻子并抱怨其体力旺盛
不明,陪伴表弟游戏,1,陪上小学表弟玩“被子吃人”游戏使其一天不看手机
不明,日常陪伴活动,1,通过陪表弟看电视、玩玩具、抓知了、去动物园及听他说话，使其两天内对手机失去兴趣
不明,奔现之旅,1,去柳州与网友见面并共度一周时光
不明,美食探店,1,白天与对方逛遍当地小吃摊吃烧烤
不明,亲密相处,1,晚上一起看电影后回酒店发生亲密关系
不明,择偶偏好,1,作者从不找正经上班的姑娘
不明,情感观点,1,作者认为纯粹的爱不能被生活琐事干扰
不明,父亲识别社交圈,1,父亲能通过 QQ 列表名字分辨出作者朋友的真实身份（coser、福利姬等）
不明,父母误解性格,1,父母至今认为作者是纯良但中二的二次元少年
不明,澄清性别身份,1,作者特意声明自己并非男娘
不明,社交圈命名评价,1,作者使用“法兹”作为社交账号名，被死宅朋友评价为刁钻
不明,出行前怪癖,1,赶飞机或火车前必须自慰以缓解焦虑，否则全程心神不宁
不明,因癖误事,1,因沉迷该怪癖导致多次耽误火车或飞机行程
不明,心理类比,1,将自身行为模式与赌徒心理进行自我剖析和共情
不明,被未成年粉丝袭胸骚扰,1,初中女生在漫展上强行拉扯作者胸部配饰并言语骚扰
不明,被异性 coser 肢体冒犯,1,台湾漫展上被比基尼 coser 多次拍屁股并言语调戏
不明,童年社交环境,1,从小和女孩子一起玩，在女性群体中长大
不明,社交观察体验,1,目睹女性群体拉帮结派及因站队引发的敌视现象
不明,圈子生存困境,1,发现人气作品粉丝圈中不混小团体不被接纳、混了又易树敌的矛盾
不明,职业预警反应,1,看到女性绘师转向一般向作品时产生头皮发麻的担忧
不明,成长经历,1,从小到大没吃过什么苦
不明,生活状态,1,活到现在且觉得现在这样就挺好
不明,美好爱情经历,1,作者曾亲身经历过一段非常美好的爱情
不明,多样化性体验,1,应对方要求尝试了露出、野战、捆绑、Cosplay 等多种性场景
不明,日常高频互动,1,对方体重仅 35kg，导致在骑车、打车等日常场景中频繁发生亲密行为
不明,经济压力,1,因频繁购买避孕套导致两人零花钱耗尽，陷入经济拮据
不明,高强度亲密周末,1,在对方母亲出差期间，两人共处 36 小时仅睡 6 小时并发生 13 次性行为
不明,事后反思与疏离,1,经历高强度亲密后进入贤者模式，思考人际羁绊并断联两天
不明,青春期的自我确信,1,十几二十岁时坚信自己战无不胜
不明,拒绝建议的执念,1,坚持要亲自体验所有好坏与倒霉的事
不明,技术认知,1,作者指出当时日本误以为能在 1998 年造出七米高的人形机器人
不明,过往恋爱经历,1,在多数恋爱中只需正常送礼和陪伴就能让女生开心
不明,与大小姐相处,1,作为雇主和朋友的“大小姐”从未要求作者学习恋爱技巧
不明,情感反思,1,作者因目睹他人真实的恋爱状态而质疑自己过去的感情
不明,创业失败故事讲述者,1,作者以旁观者身份讲述了一位名叫小 C 的富二代创业失败的经历
不明,工厂生产沟通经历,1,作者作为工厂方多次前往小 C 位于超一线城市市中心的豪华公司进行前期生产沟通
不明,办公室环境对比,1,作者将自己简陋的办公室与小 C 装修豪华的办公室进行对比，感到丧气
不明,客户反复修改样品,1,作者亲历了小 C 因纠结产品细节而反复要求设计师修改并打印样品的过程
不明,成本核算与报价,1,作者与老板老 L 共同向小 C 解释实际生产成本远高于其预期的情况
不明,应对客户无理要求,1,作者亲历了老板老 L 通过话术引导小 C 接受高昂的修改费用并成功收款的过程
不明,项目最终搁置获利,1,作者亲历了小 C 因内部矛盾长期失联，导致项目搁置，工厂最终含泪赚取高额前期费用的结果
不明,朋友调侃写书,1,朋友建议作者利用认识富家女的经历去写爽文小说
不明,拒绝私奔请求,1,作者因害怕对方父亲报复而拒绝富家女离家出走的提议
不明,听闻朋友被甩,1,听说加拿大留学的朋友被谈了五年的女友分手，对方抱怨其没上进心且花费百万。
不明,嘲笑朋友舔狗,1,和朋友们一起嘲笑这位老实听话、恋爱五年仅牵手的朋友是“舔狗”。
不明,见证朋友释怀,1,观察到朋友在分手几个月后突然放下，后来得知是因为接触了一位陪侍人员。
不明,听闻朋友觉醒,1,得知朋友在经历短暂陪伴后心态转变，不再卑微并觉醒了自身价值。
不明,收到求助咨询,1,作者收到一位家长咨询其孩子从高中到大学期间多次借网贷、累计欠债30万且家庭无力偿还的困境。
不明,带娃经历,1,作者曾带过从 4 岁到 14 岁不等的孩子
不明,家族角色,1,作者作为家族孩子王，逢年过节常带小朋友们玩耍
不明,婚姻态度,1,作者因目睹母亲带娃的困境而极度排斥结婚和妻子身份
不明,使用 AI 生成图片,1,作者经常使用 AI 工具生成图片并欣赏其中的创意与美感
不明,共同旅行经历,1,作者与伴侣在旅游中多次遭遇突发状况（如误车、忘带证件、手机没电），对方均从容化解并安抚情绪
不明,共同漫展经历,1,作者与伴侣参加漫展时作者忘记带鞋，对方主动安排闪送并幽默调侃
不明,共同爬山经历,1,作者与伴侣爬山时因对方误判山势高度引发小插曲，对方表示不生气并提议下山觅食
不明,暴雨骑行经历,1,作者借电动车送伴侣回家途中遭遇大暴雨，两人在雨中嬉笑打闹
不明,日常用餐互动,1,作者与伴侣吃饭时因作者吃太快，对方多次开玩笑想“偷”菜
不明,迪士尼游玩经历,1,作者与伴侣夏天去迪士尼排队两小时，对方在暴晒下仍保持乐观并打赌
不明,共同游戏经历,1,作者与伴侣一起玩高难度游戏《分手厨房》，面对失败互相吐槽并感谢陪伴
不明,观察他人行为,1,前搭子多次向作者展示某类男人的内心独白
不明,群体吟唱经历,1,作者曾参与过类似动画中“群体吟唱”的集体喊话活动
不明,认知局限,1,作者承认自己无法分辨机遇与陷阱的区别
不明,认知态度,1,作者表示从不相信任何自己没看到或没了解的一面之词
不明,观点形成,1,2005 年起作者认为男性消费力被家庭等支出替代
不明,市场观察,1,作者观察到男性消费能力较十年前显著增强
不明,理论反思,1,作者表示至今无法搞清这种开心心态的生成机制
不明,观察社交互动,1,描述向不懂高达历史的女生科普剧情时，对方会因讲解清晰而听得津津有味 / 描述向女生强行灌输政治隐喻和激进观点时，对方会在十分钟内产生嫌弃并拒绝倾听
不明,未婚未育未就业状态,1,作者自称没有结婚买房、上班交税或当兵打仗
不明,依赖伴侣生活,1,作者承认通过女朋友获取福利并自比为米虫
不明,消极生活态度,1,作者表示经常只想睡觉做爱，对国家号召充耳不闻
不明,遭遇背地诋毁,1,被昔日好友在背后持续贬低并感到委屈
不明,获知他人看法,1,从另一朋友处得知自己因性格乐观常被多人看不顺眼
不明,陪练互动,1,在陪练中鼓励对方全力攻击自己并导致对方被吓哭
不明,扮演 S 角色,1,作者曾应一位抖 M 女生的请求，在一段时间内扮演强硬的主导者角色以满足其心理需求。
不明,情感缺失状态,1,作者描述自己或同类人长期处于没被爱过的状态
不明,网络信息沉浸,1,作者指出此类人长期处于互联网男女对立的信息茧房中
不明,情感投射行为,1,作者描述此类人遇到好感对象后会陷入自我感动的行为模式
不明,Cosplay 朋友相处,1,与玩 Cosplay 的朋友同居，负责家务并因体力好被要求抱对方洗澡
不明,标签困扰期,1,长期被贴上“高个黑皮体育生”标签，渴望被认可为有内涵的眼镜少年
不明,运动员生涯,1,体重长期维持在 85kg 且每日需摄入 6000 大卡
不明,模特训练期,1,为保持 75kg 体重每日限制摄入 2000 卡路里导致极度饥饿
不明,母亲管控期,1,母亲严格监控饮食、没收零花钱并搜查房间囤积零食
不明,社交换食期,1,为获取食物向陌生女性示好甚至发生性关系
不明,观察朋友挥霍,1,作者目睹一位富二代朋友五年内挥霍 900 万且生活条件不如普通人
不明,游戏互动经历,1,作者曾玩 Galgame 时因不敢存档而体验被角色言语羞辱的情节
不明,职场受教,1,前老板曾教导“宁愿把女人当狗，也不要把女人当敌人”
不明,酒后状态,1,醉酒后曾喃喃自语“对不起，我不配”
不明,从事杂工,1,作者曾做过多种临时工作，借此接触了不少家境优越的浙江女生
不明,担任专职司机,1,作者曾受雇接送一位宁波老板的女儿及其同学上下学，持续两年多
不明,观察学生生活,1,作者在接送过程中观察到这些女生生活丰富多彩但几乎不谈论恋爱话题
不明,应对学生逃学,1,作者负责将一位成绩优异但拒绝去学校的女生送入教室并接回，以应对她频繁逃学去酒店的行为
不明,朋友互动观察,1,作者观察到不同背景的朋友对“流浪汉”玩笑的不同反应 / 作者记录富二代朋友分享被保安驱赶的糗事
不明,过年被父母劝退,1,母亲提出给房租和买车，要求作者停止在外漂泊并改善形象
不明,观察朋友现状,1,发现身边朋友多由父母安排轻松工作或提供高额生活费以换取安稳
不明,低压力生活状态,1,每天睁眼无沉重生活压力，能过一天算一天
不明,低消费生存模式,1,只要口袋有 500 元就能继续赖床，用完再考虑钱的事
不明,即时享乐消费,1,有钱到手优先用于美食、电影、喝酒、泡澡和温泉
不明,无负债生活,1,没有负债、欠款，也没有讨厌的工作
不明,拒绝信贷行为,1,未开通花呗借呗信用卡，坚决不贷款消费
不明,家庭区域管理,1,家中允许保姆亲属在一楼帮忙或吃饭但禁止上二楼
不明,社会现象分析,1,作者指出 AI 技术堵死了互联网小技工的生存路径
不明,爱好掩饰,1,试图用追求作品深刻内涵来掩盖对二次元美少女的喜爱
不明,私下行为,1,在严肃讨论时偷偷关注二次元美少女的臀部
不明,表面态度,1,对外宣称讨厌女人和废萌作品以维持禁欲形象
不明,真实反应,1,面对巨乳 coser 时内心动摇无法保持镇定
不明,观察漫展现状,1,作者观察到当前漫展中仍有大量同好交流、老角色 Cos 及优质二创作品。
不明,质疑他人观点,1,作者表示无法理解部分老二次元抨击当前漫展的原因。
不明,被伴侣评价幼稚,1,交往过的女性都跺脚指责作者幼稚
不明,与伴侣嬉笑打闹,1,在公众场合与伴侣一起嬉笑打闹
不明,用撒娇化解矛盾,1,通过揉脑袋和表达爱意解决伴侣的抱怨
不明,对某人的态度,1,作者表示完全不讨厌也不认识某人，仅持无感态度
不明,机械设定师工作,1,作者在设计人形兵器时总会为其配备刀具并设计拔刀摆姿势的动作
不明,朋友勾搭学生,1,作者朋友专门勾搭女高中生和女大学生，且以让他人破防为乐
不明,与父亲共同游戏,1,父亲作为导师带自己玩怪物猎人，并出资共同抽卡明日方舟
不明,与父亲交流动漫观点,1,父子双方互相吐槽对方喜欢的动画作品（如国家队与板机社作品）
不明,与父亲互相认角色,1,父亲能认出大部分手游角色，但自己无法认出父亲喜欢的老角色
不明,深夜看视频感动落泪,1,作者半夜偷偷看 90 年代勇者合体视频时莫名感动哭泣
不明,女友温柔接纳,1,女友发现后未责备反而拥抱并肯定作者的喜好
不明,被评价为浪漫过头,1,女友称作者为“浪漫过头”且表示喜欢这种中二特质
不明,网络身份表达,1,在匿名网络环境中公开表示对被性侵经历持不在意态度
不明,现实社交顾虑,1,在现实生活中刻意避免让伴侣误会自己曾遭遇性侵
不明,情感应对原则,1,确立若伴侣因性侵经历陷入精神痛苦则果断分手的交往底线
不明,动漫知识讨论,1,作者列举了高达系列中多个存在争议的历史设定问题
不明,游戏玩家身份,1,作为碧蓝航线玩家对现实中女性身材已无执念
不明,人际反差,1,经常遭遇他人从极度喜爱转变为极度憎恨
不明,信任获取,1,能让初次见面的人迅速对自己掏心掏肺
不明,关系破裂,1,因情绪过于稳定且无法察觉恶意，导致多次搞砸人际关系
不明,自我定位,1,持续强调自己只是小废物而非救世主以降低他人期待
不明,情绪调节,1,遇到不开心之事半天内即可释怀并自娱自乐
不明,伴侣相处,1,与伴侣形成互补关系，对方看透自己本质并愿意包容
不明,收费陪聊,1,作者因陪女生聊骚需要极大耐心而提供收费服务
不明,个人消费水平,1,作者支付宝常年余额不足一万，仅能实现萨莉亚蜗牛自由
不明,朋友经济状况,1,作者认识一位开医院家庭的富家女，花钱无度且常赖在作者家蹭吃蹭喝
不明,听闻创业套现,1,作者听闻有人向家里索要 900 万创业资金，挥霍两年后回家继承家业
不明,观察零花钱差异,1,作者观察到家底深厚的朋友（如公司流动资金九位数或红三代）每周零花钱仅两三千
不明,朋友资金限制,1,作者发现大部分朋友能自由支配的资金不超过五万，超十万需向家里申请
不明,拒绝讨论高达,1,不想再与人争论高达机体强弱或设定细节
不明,隐藏小众癖好,1,因害怕被误解而回避在现实中谈论特定的二次元癖好
不明,女友角色扮演提议,1,女友表示愿意扮演作者喜欢的二次元角色并称呼其为“爸爸”
不明,二次元文化偏好,1,作者认为二次元作品将女性美好一面展现到极致且版本更新快
不明,拥有小院,1,作者拥有自己的小院，可举办烧烤电影派对或围炉煮茶。
不明,居家生活,1,作者春夏午后在落地玻璃客厅休息，观察宠物狗、燕子及家禽活动。
不明,逻辑推演,1,作者通过假设性场景描述男闺蜜与女友之间可能存在的亲密互动
不明,被赠予生日惊喜,1,有人为庆祝作者生日特意换上其最喜欢的 JK 制服
不明,阅读共鸣体验,1,阅读描写地雷系细节及互相救赎剧情的书籍时感到写实且触动
不明,多次重复经历,1,此类头发缠绕事件后续又发生过多次
不明,特定情节生理反应,1,看到相关色情描写时会产生生理紧张并心理吐槽
不明,规划行程,1,主动订酒店并安排烧烤、电影及做饭等约会行程
不明,情感索取,1,因对方未回复而发送多条消息表达焦虑与不安
不明,日常关怀,1,主动提出为对方准备早餐
不明,秘密邀约,1,趁母亲出门时急切邀请对方来家并提议藏匿
不明,共同生活,1,邀请对方一起买菜并展示烹饪技能
不明,约会规则,1,制定迟到惩罚机制以争取更多相处时间
不明,拖延离别,1,在地铁站多次请求延长相处时间
不明,应对盘问,1,向父亲隐瞒约会对象并成功通过盘问
不明,赠送衣物,1,按最大号购买衣物送给对方试穿
不明,朋友伪造车票,1,作者朋友利用公司设备扫描并打印伪造公交车预售票，持续使用两年
不明,前搭子交往经历,1,作者曾与一位有男友的“前搭子”发生性关系，并目睹其将男友羞辱作为性游戏的一环
不明,后辈互动经历,1,作者作为前辈，被一名高中生后辈请求配合其金主（中年老师）进行特定的羞辱性角色扮演
不明,技能特长状态,1,作者自述擅长即兴发挥羞耻的辱骂台词，并能调动现场气氛
不明,宅居生活,1,作者自称是喜欢二次元作品的死宅
不明,缺钱开房,1,因缺钱答应刚认识三天的女生去开房
不明,无感性行为,1,在完全无感情的性过程中感到迷茫并因姿势搞笑笑场
不明,被女生表达多妻意愿,1,被女生开玩笑说宁愿和别人一起嫁给自己也不愿找别人结婚
不明,模拟多女同居生活,1,与三位女性在自家阁楼共同生活一个月并分担家务与开销
不明,隐瞒同居事实,1,在父母出差期间通过避开打扫阿姨来掩盖多女同居的情况
不明,负债创业心理分析,1,作者指出负债创业容易让人产生赌博心理，倾向于为了高回报机会而借钱冒险。
不明,创业失败者行为观察,1,作者描述了许多创业者因借债扩张导致债台高筑，最终暴雷的普遍现象。
不明,创业者偏执心态剖析,1,作者分析了负债创业者常有的理直气壮心态，认为家人朋友必须支持自己，否则就是见不得自己好。
不明,家庭冲突场景推演,1,作者描绘了创业者在搞不到钱时可能偷偷抵押家产、借高利贷，并与家人激烈争吵的典型场景。
不明,拒绝回归职场心态,1,作者指出部分创业者即使失败也拒绝回去上班，认为自己是老板，无法接受做回打工仔。
不明,情感观念,1,作者表示不在乎伴侣过往及交往人数，甚至不介意对方有男友。
不明,价值主张,1,作者坚持认为男性不应放弃争取自己看重的择偶标准。
不明,办公选址,1,作者从父亲处获得市中心一间办公室用于经营公司
不明,采购装修,1,作者与后辈花费一周时间开车去宜家采购并布置办公室
不明,同居办公,1,作者与后辈在办公室内共同生活、游戏，后辈打地铺居住
不明,人员扩充,1,后辈将女仆咖同事骗入公司，三人形成日常吃喝玩乐的固定圈子
不明,通勤羞耻,1,作者与两名穿着女仆装的女性在市中心写字楼等电梯遭人侧目
不明,司机入职,1,商会大小姐为应付家人加入公司担任司机并负责接送
不明,周边游历,1,四人团队活动范围扩大，每周由大小姐带往上海周边私人会所聚餐
不明,关系坦白,1,在同伴逼问下，作者向公司三人坦白“出差”真相并引入 CP
不明,误会澄清,1,后辈向 CP 透露作者情史，导致 CP 误认后辈为正宫而甘愿当小老婆
不明,打破禁忌,1,CP 在周末独自来公司时，率先在办公室接待区与作者发生亲密行为
不明,多人互动,1,后辈与 CP 串通后，三人开始在办公室大床上进行亲密活动
不明,温泉提议,1,商会大小姐提议并安排四人前往私汤包间泡温泉，并率先脱衣
不明,消费行为,1,作者表示若二次元游戏角色设计涉及打拳，将转向观看里番以满足需求。
不明,长期居住经历,1,作者在静安寺生活了二十多年
不明,日常观察,1,作者从未在静安寺商场内见过猪脚饭店
不明,分析心理机制,1,作者分析指出未经营过公司的人容易产生乐观梭哈心态
不明,总结行骗逻辑,1,作者总结出针对穷人的骗局往往逻辑简单直白且承诺高额回报
不明,出 Cos 经历,1,作者通过亲自扮演喜欢的角色并参与漫展互动，获得了拍照、合影及被认可的快乐体验。
不明,被女生纠缠,1,作者自称天天被女生纠缠并因此谈过很多段恋爱
不明,自我身份认知,1,作者自述为没钱没权无名无利且无社会地位的“三无分子”
不明,恋爱关系互动,1,作者与女伴开玩笑讨论身高问题后，被对方深情拥抱并表白
不明,观影偏好,1,作者认为《异形大战铁血战士》是一部有点烂的电影
不明,择偶建议,1,作者建议不要错过同样喜欢该电影的女孩
不明,上海街头避让,1,因担心被老人责骂而在上海走路时小心翼翼
不明,日本街头冲突,1,在日本街头故意撞倒一名中年上班族并辱骂对方
不明,频繁赴日,1,曾有一段时间频繁前往日本
不明,街头装束扮演,1,每次抵达日本便换上类似黑帮的装束
不明,便利店蹲守,1,蹲在便利店门口喝汽水，通过身高优势吓退回瞪的路人
不明,故意横冲直撞,1,在日本街头故意不礼让行人，享受对方恐惧回避的反应
不明,话术迭代经历,1,作者将夸赞姑娘像九十年代港星的话术迭代了十几个版本
不明,持续审美偏好,1,作者一直觉得周海媚版周芷若黑化过程是武侠剧中演绎最好的恶堕情节
不明,旁观发小经历,1,目睹发小从穷困潦倒到翻身，以及他与陪伴女孩之间的情感故事
不明,被嘲讽方言经历,1,作为上海人常被他人指责“讲的什么鸟语”
不明,方言反击策略,1,面对有方言优越感的人时，会故意讲对方完全听不懂的方言
不明,交往金发富家女,1,与一位未成年、性格脱线且家境优渥的金发女孩建立恋爱关系
不明,街头蹲坐抽烟,1,因经济拮据与女友在步行街蹲坐抽烟聊天
不明,女友逃课同居,1,女友为躲避语言学校课程频繁逃课至作者家中
不明,夏日饮酒狂欢,1,夏季有钱时与女友在街头饮酒，女友醉后行为失控
不明,球场打球,1,每日与女友前往篮球场打球，因女友外貌和球技引人注目
不明,偷取家中现金,1,因资金短缺，多次从父亲书房偷取现金供两人挥霍
不明,编造非洲谎言,1,为解释不看大象而编造非洲朋友被踩死的谎言并被女友深信
不明,对抗女方母亲,1,女方母亲安排相亲对象并指责作者，引发女友激烈反抗
不明,男方父亲反对,1,女方父亲提出苛刻联姻条件，导致作者父亲强烈反对并拒绝
不明,女友远嫁英国,1,女友最终被母亲送往英国留学，两人关系结束
不明,出行沟通习惯,1,出门时提醒身边女性直接向自己提出需求而非接触陌生人
不明,冲突应对原则,1,坚持由自己出面交涉以避免男性被卷入冲突或充当打手
不明,行为底线坚守,1,拒绝在他人一意孤行后要求使用武力压制对方
不明,社交解决方式,1,通过礼貌沟通通常能顺利解决日常通行冲突
不明,心理恐惧状态,1,害怕看到女性独自横冲直撞引发冲突
不明,恋爱交往,1,与两位前任约会时对方直接表达想玩和想吃的意愿
不明,特殊习惯,1,与前任在亲密行为时对方邀请抽烟感到羞耻
不明,发型态度,1,与前任交流中发现对方极度厌恶双马尾发型
不明,家庭关系,1,与前任在深夜街边烧烤摊边抽烟喝酒边抱怨家庭
不明,性格相处,1,与前任相处时双方都表现得豪爽且不计较
不明,学业状况,1,与前任交往中发现对方存在退学或逃课情况
不明,情感话题,1,与前任聊天时讨论过各自的追求者
不明,关系感受,1,与前任相处时感觉感情轻松惬意但缺乏未来规划
不明,漫展初遇,1,在漫展排队时因对方晕倒而结识
不明,暑期漫展同行,1,暑假陪对方去漫展并垫付资金后收到现金还款
不明,酒店过夜担忧,1,因对方晚归被家长责罚而内疚，在酒店独自焦虑一整夜
不明,十天异地旅行,1,对方获准外出十天后，两人开启从上海到广州的自驾旅程
不明,挥霍家底出行,1,为带对方见世面，取走家中大部分现金并加满油开始长途旅行
不明,广州酒店同居,1,在广州期间大部分时间待在酒店，与对方朝夕相处玩游戏聊天
不明,得知对方背景,1,聊天中得知对方父亲是海军，童年生活在有直升机起降的岛上
不明,资金危机获助,1,旅行资金耗尽时，对方主动拿出三万现金资助
不明,酒店兼职工作,1,在旅行途中于酒店内帮朋友制作商业企划 PPT 以赚取零花钱
不明,家庭进食习惯,1,作为独生子女在家庭聚餐时优先拿走螃蟹和虾，仅做表面推让后独自享用剩余食物。
不明,饮食底线认知,1,清楚在吃鸡鸭时不能只吃腿而把其他肉全部剩下，认为那样比单纯贪吃更自私。
不明,玩具设计观察,1,认为头部火神炮设计属于填补空位的普通细节
不明,认知变化,1,因高达后来走红而改变了对其设计的看法
不明,自我生活状态,1,作者自述自己活得混乱
不明,网络互动经历,1,作者看到知乎回答下男性帮腔教育提问者
不明,被女生表达多娶意愿,1,被女生说过宁愿和他人一起嫁给自己也不愿找别人结婚
不明,多人共同生活实验,1,父母出长差期间与三位女性在自家阁楼共同生活一个月
不明,多人协作家务,1,四人分担买菜、做饭、收拾等家务以提升效率
不明,多人共享居住空间,1,在拥有十个房间和六个卫生间的家中安排四人生活并保留各自私密空间
不明,身体状态,1,厌恶走路且体力较差
不明,生活习惯,1,热衷坐轮椅并依赖他人推行
不明,生活细节,1,洗澡后常因发呆忘记吹头发
不明,行为模式,1,习惯将浴巾扔在地上踩踏
不明,出行方式,1,每周携带超重行李且无需自己拖动
不明,社交表现,1,待人温和优雅但保持距离感
不明,人际互动,1,拥有专门使唤的人而非直接指挥他人
不明,资源获取,1,住校期间常通过夹带获取特殊物品
不明,物品管理,1,频繁丢失物品（如手机）且迅速补买
不明,价值观,1,重人轻钱导致看似易受骗
不明,情感表达,1,仅对亲近者流露真情，对外人保持冷漠
不明,情绪反差,1,在校表现优雅，独处时立刻抱怨学校
不明,性格矛盾,1,既害羞又强势
不明,成长环境,1,异想天开的想法常被满足
不明,护肤状态,1,极易晒黑但靠家境维持白皙
不明,身份认知,1,自比或被视为类似“辉夜”的大小姐
不明,Cosplay 背景板,1,被朋友拉入圈中担任不露脸角色并分享写真收益
不明,司机兼保镖,1,周末接送老板女儿，平日打杂，寒暑假陪人出 Cos
不明,田径队陪跑,1,担任校田径队陪跑，负责让女生跑不过自己
不明,酒店试装挑战,1,作者与多位 coser 在酒店尝试穿着暴露服装接收外卖
不明,代驾接送老板女儿,1,开老板的车在校门口接他女儿，因对方父亲威胁而不敢单独行动
不明,接送 Cos 搭子遭误解,1,开豪车接 Cos 搭子时，被同行摄影师误认为网约车并流露敌意
不明,做模特助理,1,作者曾为富婆姐姐担任过一段时间的助理
不明,与同行社交,1,作者与秃头领导的秘书及模特圈朋友在休息室抽烟、聚会
不明,朋友高消费,1,作者观察到圈中朋友日常购买昂贵水果并大方请客
不明,听朋友吐槽,1,作者听模特朋友抱怨做 showgirl 的辛苦及奇葩金主经历
不明,做大小姐司机,1,作者结束助理工作后，转而为大小姐担任司机
不明,机场接人迷路,1,作者送大小姐去成都时，对方在高铁站迷路，由朋友帮忙接应
不明,道德观念,1,作者认为花钱买性是一件可怜的事情
不明,处世态度,1,作者表示不会嘲讽或看不起热衷嫖娼的人
不明,性别认同,1,作者认为大家都是男人无需搞优越感
不明,人际立场,1,作者对他人行为持不理解但尊重的态度
不明,社交关系状态,1,拥有 cos 搭子、后宫、金主姐姐及 JK 妈妈等多元社交关系
不明,情感经历状态,1,从未交往过拥有男闺蜜的伴侣
不明,观点重申,1,作者反复强调“女生喜欢你就会愿意为你花钱”这一观点近一百遍。
不明,家庭关系认知,1,从小就有姐姐或妹妹陪伴
不明,养老规划设想,1,计划未来为父母开设高级养老院
不明,求助经历,1,在浙江遇到困难时 80% 的情况都有人帮忙
不明,日常交流,1,与超市老板、服务员及方丈交流时感受到对方的客气礼貌
不明,警务接触,1,接触浙江警察时感受到其态度良好
不明,人际观察,1,观察到浙江小姑娘乖巧可爱
不明,亲戚频繁造访,1,亲戚孩子因喜爱作者家的氛围而频繁来访甚至赖着不走
不明,开放玩具与陪伴,1,作者向弟妹开放所有玩具并全程陪伴他们娱乐
不明,款待活动安排,1,作者为来访的亲戚孩子制作烧烤并带其游玩
不明,聚会后空虚感,1,亲戚聚会结束后作者因房屋突然空荡而感到惆怅
不明,模特班同学,1,作者与后辈在模特班相识但当时几乎无交集
不明,模特班毕业,1,作者退出模特行业后与后辈在游戏展重逢并成为朋友
不明,朋友日常相处,1,作者与后辈建立基于金钱坦诚的轻松友谊
不明,朋友调侃,1,后辈在作者去成都接人途中通过手机持续揶揄作者
不明,朋友评价,1,作者欣赏后辈的坦诚并认为她是不相信爱情的好玩伴
不明,交往对象观察,1,作者交往过的性格开放或恶劣的姑娘大多有纹身
不明,目睹抽烟场景,1,作者目睹年轻纹身姑娘熟练抽烟并与其发生言语互动
不明,寻找纹身经历,1,作者曾试图在一名金发女子身上寻找纹身却一无所获
不明,热恋体验缺失,1,作者未曾经历过如胶似漆黏腻拉丝的热恋状态
不明,同居吸引状态,1,作者虽交往对象未成年，却常有人被引诱至其家中居住
不明,自我心态反思,1,作者反思自己反复强调“不介意”的行为显得过于隐忍
不明,后辈打工经历,1,后辈在不援交时去女仆咖啡厅打零工
不明,漫展 Cosplay 搭档,1,作者与一位女性 Coser 在漫展期间共同活动并建立亲密关系
不明,酒店私密互动,1,作者在漫展结束后与搭档在酒店饮酒并发生亲密行为
不明,情感博弈与告白,1,作者与搭档互相揭露关于“假男友”的谎言，并确认彼此早已互相告白的过往
不明,审美偏好陈述,1,作者表达了对特定体型（白瘦幼或肌肉黑皮）的审美标准
不明,他人观察描述,1,作者提及见过名为“妃咲”的人并描述其身材特征
不明,主观感受表达,1,作者对运动系少女的腹肌产生想紧紧抱住的冲动
不明,旅途偶遇,1,在旅游车上偶遇一位四岁小女孩并与其成为朋友
不明,应对突发,1,面对小女孩突然掀衣举动时选择低头回避
不明,教育引导,1,认真教导小女孩不能在他人面前掀衣服
不明,持续陪伴,1,在车上陪伴小女孩一整天直至下车出站
不明,临别互动,1,出站时与小女孩告别并听到她对自己同伴的误称
不明,识人判断,1,作者认为自己能准确预判他人未来的成就
不明,母亲回忆往事,1,作者母亲提及自己在九十年代末混迹 cos 圈的经历
不明,角色扮演体验,1,作者描述参与 cosplay 时制作服装与道具带来的成就感
不明,观察经历,1,作者在工作中接触过许多一心想要出人头地的创业穷小伙
不明,漫展角色扮演,1,作者与 CP 在漫展分别扮演不同角色并遭遇大量互动拍照请求
不明,意外摔倒,1,作者因天气炎热拒绝拍照时，CP 社恐逃跑途中不慎摔入其怀中
不明,围观起哄,1,作者与 CP 摔倒后引发周围人群围观并请求拍摄该场景
不明,接受馈赠,1,接受女生请吃饭、买衣物及带其游玩
不明,二次元周边收藏,1,收集做工精良的 cos 鞋和各类颜色的 jk 制服小领结
不明,展会物品接收,1,朋友在漫展结束后将鞋和衣服直接送给作者
不明,遭遇荒诞邀约,1,被一名女子以收集小说素材为由邀请进行无安全词的 SM 活动
不明,果断终止行为,1,因对方拒绝设定安全词而扔掉钥匙并立即离开
不明,持续收集行为,1,从多位女性手中获得不同时期的校服
不明,持有特定藏品,1,收藏两套上海九十年代蓝色校服（含原品与仿品）
不明,春节带娃,1,家人出钱让作者在大年三十照顾小孩
不明,春节陪大小姐,1,当年有人出钱让作者在大年夜陪伴大小姐
不明,未训练期体能优势,1,未接受正规训练时 1000 米跑获全年级第一
不明,训练后校内夺魁,1,经过一年正规训练后获得全校第一
不明,区级比赛失利,1,在区级比赛中被一名身材瘦小的对手轻松击败
不明,抱持体验,1,作者曾抱过许多体重 40kg 以下的女性并描述其触感
不明,认知更新,1,作者后来才了解到“脂包骨”这一概念
不明,结识性格恶劣的 Cos 搭子,1,作者曾与一位性格极端、行为出格的 Cos 搭子共同活动
不明,目睹搭子出轨与养舔狗,1,作者亲眼见到搭子在电话中出轨并让追求者送避孕药等物品
不明,目睹搭子暴露狂行为,1,作者知晓搭子拍摄私密视频并诱骗陌生人的疯狂行径
不明,被搭子戏称为小碧池,1,作者被这位搭子要求称呼其为“小碧池”
不明,收到搭子转赠的奶茶,1,作者因搭子不爱喝而收到了货拉拉小哥送给搭子的奶茶
不明,观察搭子受追捧现象,1,作者观察到搭子因外貌出众而受到面包店阿姨及追求者的特殊对待
不明,早期碧蓝航线摄影,1,作者自称是国内最早一批拍摄碧蓝航线套图的摄影师
不明,结识测试服玩家,1,作者的 Cos 搭子是碧蓝航线测试服玩家且当时是现役高中生
不明,协助定制 Cos 服,1,作者帮搭子找资料制作高雄 Cos 服的绶带和肩章
不明,漫展拍摄经历,1,作者常在漫展拍摄搭子，并需将其从围观游客中拉出
不明,拍摄时遭遇干扰,1,拍摄期间搭子因游戏活动进度而边换装边肝游戏，无视拍摄进度
不明,协助调整义乳,1,作者见证搭子因义乳质感太假而改用胸垫硬垫出可畏角色
不明,拍摄柴郡私房,1,作者拍摄了早于推特公开视频的柴郡私房照
不明,诱导拍摄长门,1,作者被搭子诱骗外出后，目睹其反锁房门并换上大号长门 Cos 服
不明,朋友出 Cos 被夸身材,1,作者提到一位黑瘦柴的朋友出 Cos 时仍被夸赞身材好
不明,漫展被表白,1,在漫展出兰斯洛特时因单手撑桌跨入摊位的动作被摊主妹子告白
不明,联谊被表白,1,在联谊活动中因跑步胜过体校妹子并说出特定话语而被其告白
不明,伴侣生理期回避,1,作者提到其伴侣在生理期时会躲进房间并让作者将物品放在门口。
不明,伴侣情绪预警,1,作者转述伴侣称生理期时无法控制怒气，因此要求作者不要打扰。
不明,朋友防走光经历,1,朋友穿 Lolita 裙需别五个别针以防走光
不明,朋友练拳击,1,朋友心血来潮去拳馆练习拳击
不明,陪朋友格斗,1,作者陪朋友玩无差别格斗时因害羞未还手并挨打
不明,被当作备选方案,1,作者被一位姿色气质一般的姑娘视为玩腻后的接盘托底方案
不明,关系被刻意维系,1,作者在对方寻找其他下家时仍被对方时不时维系关系
不明,持续恋爱状态,1,作者目前仍与这位姑娘保持恋爱关系
不明,观察他人互动,1,作者认为某段文字挑逗语气别扭且油腻
不明,交往经历,1,作者曾交往过许多未成年女学生（JK）
不明,社交场景假设,1,作者设想对爱慕者或女友说特定话语时的反应
不明,语言感受体验,1,作者听到“贤妻良母”一词时感到恶寒并联想旧道德
不明,宠物抢食,1,作者被宠物抢走泡好的面
不明,共食互动,1,作者将宠物抱在腿上让其进食同时抚摸
不明,婚姻筹备观察,1,作者认为很少有人在临结婚时才商量家务分工问题
不明,行为推测,1,作者推测可能存在一方婚前承诺包揽家务、婚后却试图教育对方做家务的情况
不明,组建游戏战队,1,作者曾与一位女性搭档共同组建了一个接近 30 人的 Cosplay 游戏团队
不明,自我认知探索,1,作者通过前搭档的反馈与分析，确认了自己存在性瘾及性能力水平
不明,性格重塑,1,作者通过与前搭档的互动，完成了对女性建立无所畏惧性格的最后拼图
不明,情感边界界定,1,作者明确前搭档并非其女友，且对方已有男友
不明,模特班后辈援交见闻,1,作者通过模特班后辈的讲述，了解到未成年援交者遭遇的男性普遍虚伪及“救风尘”式白嫖的现实情况。
不明,账号运营压力,1,粉丝过万后无力独自打理 Coser 账号
不明,日常高强度工作,1,每周需完成拍照修图发布及处理骚扰私信
不明,商务沟通,1,每日筛选合作信息并加微信详聊委托或嘉宾事宜
不明,替人代运营,1,亲自打理 CP 的账号并负责回复粉丝互动
不明,遭遇客户告白,1,作者曾遇到过三位因提供幻觉服务而上头并向其告白的客户。
不明,观察朋友经历,1,作者提到有朋友遇到过认为自己是对方专属的姑娘
不明,总结交往经验,1,作者基于观察提出通过高频相遇来快速试错和识别不合适的人
不明,社交圈观察,1,发现身边男性圈子普遍认同“男人需有钱有底蕴才受女性欣赏”的观点
不明,策略性行动,1,在男性朋友尚未成功时抢先追求他们心仪的女性
不明,人生感悟,1,作者强调拿钱买不到感情且身外之物吸引不到真爱
不明,配音经历,1,作者曾从事配音工作但已许久未进行
不明,角色幻想,1,作者幻想若成为魔法少女会亲自念台词
不明,深夜打车遭遇司机抱怨,1,半夜出机场打车时被迫听司机抱怨排队不易并指责乘客不懂事
不明,体能状态描述,1,作者自述拥有较强的体力。
不明,暴力倾向自述,1,作者承认自己体内存在暴力因子。
不明,生理期状态,1,作者提到自己正处于大姨妈最后一天
不明,等待回应,1,作者多次发消息催促对方回复，表达焦虑与不安
不明,情绪波动,1,作者因对方未及时回复而陷入恐慌，随后又迅速转为关心
不明,恋爱模式固化,1,从小到大只回应主动追求自己的女生，导致对主动示好习以为常
不明,情感耐受期缩短,1,曾有一段时间对恋爱对象的专注时间缩短至仅一周，随后彻底厌烦
不明,频繁周旋与脱身,1,生活模板为被女生勾搭后短暂陪伴，随后寻找借口离开城市并拒绝告白
不明,极限脱身挑战,1,将“几天能体面脱身”作为成就，最快记录为 24 小时内哄好女生让其回归正常生活
不明,试探人性底线,1,曾半开玩笑邀请女生跨越 1500 公里见面，或谎称已有女友来测试对方反应
不明,心理状态转变,1,因“女生主动恐惧症”及空虚感，最终被强势女生治愈并开始学习正常交流
不明,短期亲密关系,1,与一名女性相识两天后决定见面并发生性关系
不明,性观念交流,1,与伴侣在性行为前约定不使用避孕套
不明,情感倾诉,1,听伴侣讲述拒绝追求者三年的男生的原因
不明,全国多地频繁约会,1,作者自称通过频繁飞往全国各地与不同女生见面来积累约会战绩
不明,跨城即时赴约,1,作者描述自己能在上海、城防港、浙江、云南、广州等多地连续快速切换行程与女生见面
不明,无固定工作时间,1,作者自述拥有随时可出发、无需等待休息或出差的充裕空闲时间
不明,赠送定制礼物,1,作者提到在机场购买伴手礼并携带一套跟随自己飞遍半个中国的机车女郎 C 服送给女生
不明,游戏设计经历,1,作者曾设计过一款让未看过高达的女生评价 MS 的游戏
不明,伴侣居家裸体习惯,1,作者伴侣在家基本不穿衣服且喜欢光脚走动
不明,伴侣裸体开门拥抱,1,作者每次去伴侣家时，对方都会全裸开门并直接抱住
不明,网络钓鱼实验,1,作者用朋友照片在推特和知乎测试能否吸引追求者
不明,外貌优势带来的误解,1,作者认为他人对自己恋爱成功的归因其实是源于身高和长相而非技巧。
不明,情感关系经历,1,作者描述了一段在恋爱中因女友情绪失控而被迫充当情绪垃圾桶的虚构或典型化经历
不明,交往金发笨蛋,1,曾与一位外貌精致但性格粗鲁、品味差且爱抽烟的女生交往
不明,交往多位美少女,1,交往过包括天才 JK、男装 Coser、田径部成员等多位外貌出众的女性
不明,社交策略,1,故意延迟回复消息以显得忙碌并尽早结束话题
不明,观察他人习惯,1,发现 CP 和前搭子回复摄影消息通常需要半天以上 / 发现漫展扩列的人往往三天只回一个表情甚至不回
不明,被特殊对待,1,发现 CP 和前搭子对自己总是秒回消息 / 发现前搭子即使见男友时也会秒回自己的消息
不明,推测动机,1,认为对方秒回是为了抓住机会和自己聊天
不明,消费随和,1,与女生外出时从不挑剔食物，无论对方请客还是在家吃剩饭都能接受
不明,金钱观淡然,1,对金钱没有执念和赚钱野心，不靠金钱维持自信也不向女生借钱
不明,被评价穷得理直气壮,1,曾被商会大小姐评价为穷得理直气壮且厚脸皮
不明,田径训练经历,1,作为前田径运动员曾接受专业训练
不明,直线竞速测试,1,在直线奔跑中仅需 5 秒即可追上田径队新手
不明,曲线跑动失误,1,在练习曲线绕圈跑时差点扭伤脚踝
不明,关系认知,1,作者认为互相喜欢会直接进入恋爱状态而无追求过程
不明,情感判断,1,作者认为进入追求状态意味着对方暂时不想选择你
不明,互动分析,1,作者认为所谓的容易追求只是对方本就喜欢才会回应
不明,回校探访,1,作者回学校看望老师并去操场跑步
不明,观察学妹,1,作者观察并对比了现在学妹与过去女生的外貌特征
不明,感官体验,1,作者描述了接触女学生时的皮肤触感、气味及身体细节
不明,长期交友观察,1,从小学至今持续总结与女生交友的经验结论
不明,虚构交友案例,1,描述在鬼屋活动中与心仪女孩从相识到牵手互动的完整过程
不明,现象分析,1,作者认为互联网让男性看清女性主动的表现，使“矜持”等话术失效。
不明,被误认情侣,1,和妹妹外出时店员总误以为两人是情侣
不明,被推销鲜花,1,和姐姐外出时被卖花女孩追着推销
不明,被朋友起哄,1,漫展带 CP 去朋友店里被调侃关系
不明,被误认同性情侣,1,有时和同性外出也会被误认为情侣
不明,朋友社交奇遇,1,目睹朋友因意外露出 Coser 衣物而被另一位 Coser 误认为摄影并成功加微信带走
不明,朋友情绪爆发,1,目睹另一位朋友因 Coser 被朋友“拐跑”而情绪崩溃并嚎啕大哭
不明,遭受无端恶意,1,因表现得没心没肺且总是开心而遭到其他男性的嫉妒与诋毁
不明,被造谣中伤,1,被恶意传播一事无成、吃软饭及欺骗女性的谣言
不明,意外成名,1,因他人的持续诋毁反而在漫展等场合意外获得知名度并收获热情搭讪
不明,被朋友调侃为男魅魔,1,作者被身边的女性朋友评价为擅长调动男性情绪的人
不明,社交聚会中的核心角色,1,作者参加联谊或聚会时，男性总会围拢过来与其热烈讨论
不明,快速建立男性友谊,1,作者能让原本冷漠的男性在短时间内与其称兄道弟
不明,拒绝广泛社交,1,作者表示不打算像假面骑士那样与全世界的人交朋友
不明,服务承诺,1,作者表示愿意以每小时 300 元的价格提供陪伴、倾听及情绪支持服务。
不明,伴侣互动,1,作者长期拒绝伴侣要求朗读女性向羞辱文本的请求 / 作者因伴侣拖延洗澡而强行按在墙边并模仿羞辱台词进行调情
不明,观察角色热度变化,1,作者观察到露露卡从初期小范围人气到春节后因二创爆发而广泛走红
不明,分析创作环境变迁,1,作者分析短视频工具降低了制作门槛，使普通人能实现以往无法完成的幻想短片创作
不明,认知原则,1,坚持只相信亲眼见到和亲身感受的事情
不明,母亲旅行习惯,1,母亲满世界旅行并习惯用上海黄浦区作为评价标准
不明,母亲美国之行,1,母亲从美国回国后评价该国无趣且几乎不出门
不明,母亲反对行为,1,母亲强烈反对我去美国游玩
不明,个人旅行经历,1,去过日本、泰国、东南亚、欧洲、英国、南极和埃及，唯独没去过美国
不明,未来计划,1,打算亲自去美国看看以验证真相
不明,持续处世模式,1,长期依靠礼貌语言和微笑化解潜在冲突，从未遭遇蛮不讲理者
不明,提供伴游服务,1,长期为女性客户提供从行程规划、行李整理到全程陪同的伴游服务
不明,住宿客户家中,1,出发前夜睡在客户家客厅以便次日早起叫醒客户
不明,雇佣朋友接送,1,每次出行都提前通知朋友并在楼下等候，付费请其接送客户
不明,携带少女长途飞行,1,曾带一名 14 岁少女飞越 2500 公里安全与家人团聚
不明,日本高强度伴游,1,曾带一名 28 岁女性在日本进行为期七天的购物与景点高强度行程
不明,陪同 Coser 全国赶展,1,曾陪同 Coser 嘉宾携带重物在一个月内走遍半个中国并负责外勤与妆造
不明,故宫深度讲解,1,曾陪同客户在故宫从午门侃到御花园，甚至将人从景山背下
不明,沉迷校园爱情,1,至今仍在怀念并沉浸于学生时代的纯粹情感中
不明,道德焦虑状态,1,长期活在道德枷锁中，时刻小心翼翼生怕被他人窥探评判
不明,暴雨夜奔酒店,1,与伴侣在暴雨中一路奔跑大笑着冲进酒店并乘电梯
不明,车内嬉闹回忆,1,回忆曾经有女孩坐在后座嬉笑打闹，拍背鼓励自己迎着风浪前行
不明,从事男喘工作,1,作者曾做过一段时间陪女生聊羞耻内容的男喘
不明,接待特定顾客案例,1,作者曾遇到一位刚抱怨继父骚扰随即要求扮演其父亲进行羞辱的顾客
不明,观察顾客心理状态,1,作者发现女性顾客普遍渴望在安全环境下被危险角色控制并享受语言羞辱
不明,探究顾客行为动机,1,作者通过询问得知顾客不愿与男友交流此类需求是出于对关系内控制与尊严的顾虑
不明,职场休息被说教,1,作者在休息日因被强行灌输“记住”的言论而感到逆反
不明,日常工作状态,1,作者认为自己平时一直在勤勤恳恳上班为社会作贡献
不明,母亲育儿方式,1,母亲从不以成绩作为奖励或惩罚条件，常直接邀请作者一同游玩
不明,童年成长状态,1,因母亲包容态度，作者对考试失利和失败从未感到压力
不明,拥有特定性取向朋友,1,作者表示自己有男同和男娘朋友
不明,听闻朋友混乱情史,1,作者被朋友讲述的混乱情史震惊到发愣
不明,被母亲强制穿搭,1,母亲每周带作者逛店试穿搭配，且拒绝淘宝货与二次元风格
不明,高频美发护理,1,母亲要求作者每两周修发、每月做头发
不明,强制面部修饰,1,母亲亲自为作者化妆修眉，严禁脸部不洁
不明,居家裸体习惯,1,因长期被母亲折腾，作者独处时甚至不愿穿衣
不明,频繁接吻经历,1,作者因经常需要接吻而收集各种润唇膏
不明,养狗经历,1,作者家中饲养四条狗
不明,待客规矩,1,有小孩来访时将狗关在围子里
不明,观察狗行,1,目睹狗对摔倒或路过的小孩做出嘲笑或吓唬行为
不明,手机消费观,1,作者曾拒绝购买苹果手机而使用伴侣的备用机
不明,工作现状,1,作者在工作中面临甲方和顾客对进度的不满与催促。
不明,虚拟体验对比,1,作者认为 AI 生成的虚拟互动不如高中生 cos 角色带来的真实触感。
不明,社会现象观察,1,作者指出 AI 泛滥可能引发人类对真实关系的渴望。
不明,恋爱互动观察,1,作者描述恋爱中女生会频繁发消息、时刻黏人并关注情绪变化 / 作者指出女生喜欢时会忍不住凑过来分享趣事或视频，造成“烦人”的互动
不明,个人应对策略,1,作者习惯等女友睡觉或约定特定时间不打扰，以便独自处理事情 / 作者会在女友睡觉时偷偷浏览成人网站以缓解精神消耗
不明,父母持续关爱,1,父母长期给予帮助并表达不求回报的关爱
不明,节日互动,1,逢年过节买年货让父亲感到开心
不明,观察他人恋爱模式,1,作者观察到有人通过卑微讨好、制定计划等方式追求女生并成功
不明,分析情感逻辑,1,作者分析认为上述成功案例是因为女生本就喜欢对方，而非追求方式有效
不明,对说教态度的反感,1,作者厌恶记者强行灌输无用知识并带有爹味说教的行为
不明,心理暗示练习,1,作者建议通过默念贬低自己的话语来克服行动障碍
不明,职场沟通策略,1,作者建议在对方询问是否明白时坚定回答不明白以避免背锅
不明,生活态度主张,1,作者提出不要过度自省反思，认为他人很快会忘记你的错误
不明,羞耻心认知,1,作者认为普通人不应刻意追求羞耻心，因为没人真正在意你
不明,举例说明,1,作者描述了一个携带手办、穿痛衫并牵着 Coser 女友逛漫展的混合身份案例
不明,周末接放学与晚餐准备,1,每周末接大小姐放学回家，在厨房准备晚餐并应对她洗澡后的各种状况
不明,浴室清洁与吹发互动,1,为大小姐吹干头发并反复清理她弄湿的浴室地面
不明,晚餐摆盘与夜宵制作,1,负责晚餐摆盘、热蜂蜜牛奶以及炖煮银耳羹等夜宵
不明,全屋清洁与物品整理,1,反复拖地、洗碗、清理地毯碎屑以及整理大小姐带回的衣物
不明,短暂独处与家务收尾,1,在大小姐回房写作业后获得半小时安静时间，随后继续完成剩余家务
不明,模型摆阵经历,1,作者曾用老胶模型摆阵以证明女生会囤积高达模型
不明,观看动画,1,观看动画剧集并评论角色表现
不明,观剧感悟,1,作者认为黑三连 -1 是好人且战斗规规矩矩 / 作者感叹高中生打架敢动刀子不计后果
不明,剧情质疑,1,作者对鲁姆战役生擒雷比尔的战绩未被雇佣感到疑惑
不明,观看动画剧情,1,作者发现高达系列中联邦与吉恩的军事发展设定存在巨大反差
不明,吐槽剧情逻辑,1,作者质疑吉恩停战反而让联邦获得技术优势导致被推平的设定
不明,网络浏览,1,在 B 站刷同人小说时看到有人阴阳这部作品
不明,身份设定,1,以地球联邦军提坦斯监察科无名少尉的身份撰写观后感
不明,观察演员表演,1,作者通过观看徐峥在《我不是药神》等作品中的表演，分析其角色气质。
不明,回忆市场场景,1,作者描述记忆中襄阳路市场地摊老板叫卖和讨价还价的典型场景。
不明,观看沪语剧集,1,作者提及上海人观看徐峥的沪语剧后能立刻识别其人物特质。
不明,逃学经历,1,作者曾有过逃学并在早上醒来后先担心迟到、后安心躺下的亲身经历。
不明,作品观看体验,1,观看某部动漫第一季时感到极度不适并认为剧情有病
不明,担任 Cos 搭子经纪人兼男友,1,陪一位 Cos 搭子从零起步运营账号，负责化妆、摄影并处理粉丝打赏与邀约，陪其跑遍大半个中国
不明,组织多人 Cos 旅行,1,曾带领四位美少女跑遍半个中国进行外景拍摄与活动
不明,角色创作,1,作者绘制了圆角 JK 风格的角色并塑造到当前程度
不明,作品分析,1,作者分析认为该角色作者认真查找过资料
不明,群体心理推测,1,作者推测缺乏异性经验的死宅面对此类角色会重塑三观
不明,剧情逻辑分析,1,作者认为角色不收钱和常被赶走是剧情需要但略显虚假
不明,广告拍摄,1,儿时拍摄广告时被化妆师评价长相像女孩子
不明,声线困扰,1,因声线被男女通吃地夸奖而感到迷茫
不明,身体特征陈述,1,作者身高 195 厘米，体重 90 公斤
不明,心理反应描述,1,面对发疯的 40 公斤女性时会产生畏惧感
不明,亲友离世,1,作者的所有至亲、朋友和爱人均已去世
不明,孤独生存,1,作者成为亲友中唯一在世的人
不明,积极生活,1,作者决定努力快乐并铭记逝去的亲人
不明,宅男幻想破灭,1,作者设想宅男与宅女因兴趣点错位及观点批判而引发争吵
不明,情感选择假设,1,作者提出在立场相左的共鸣伴侣与包容陪伴的伴侣之间做选择
不明,情绪反应,1,作者对过度敬畏 coser 的态度感到愤怒
不明,家庭背景陈述,1,作者家中有一位拥有专职司机和车辆的“大小姐”
不明,创业套现,1,作者曾开设小公司，通过帮朋友做 PPT 和写规划向家里骗取资金。
不明,被父责罚,1,作者父亲发现其骗钱行为后，责令其关闭业务并注销公司。
不明,无所事事,1,公司被注销后，作者重新陷入没有具体事务的状态。
不明,恋爱观念形成,1,作者认为早恋有益且反对学校关于早恋有害的说教
不明,恋爱行为主张,1,作者主张学生时代应大量接触不同类型的女生并尝试恋爱
不明,持续收藏模型,1,作者累计拥有三盒 HG 佐罗亚特模型
不明,认知观念,1,认为彩礼是荒谬且不存在的概念
不明,建议分享,1,作者建议用此逻辑停止内耗和无效反思
不明,漫展邂逅,1,在广州漫展上结识并带走了一位成都籍板娘
不明,醉酒同行,1,与成都妹子在广州街头喝醉后将其扛回酒店
不明,醉酒互动,1,在酒店内与醉酒变凶的成都妹子发生言语与肢体互动
不明,社交自信,1,作者声称自己擅长交友且聊一圈就能交到很多好朋友
不明,人际顺遂,1,作者表示从小到大没怎么被人讨厌过
不明,运气优越,1,作者认为自己运气好，想做的事总会成功
不明,异性相处,1,作者称从小到大都和女生很玩得来
不明,情感回避,1,作者对追女生一事表示不清楚并建议直接问女生
不明,身份否认,1,作者在文末声明上述描述并非自己
不明,担任司机,1,作者曾为一名 JK 大小姐提供驾驶接送服务
不明,父亲回避催婚,1,父亲因过往经历暂时未询问作者结婚生子问题
不明,幻想择偶场景,1,作者设想向父亲提出在两位年轻女性中择偶的玩笑
不明,收入推断,1,作者推断年收入 300 万的人不会考虑租离公司四公里的房子。
不明,行为建议,1,作者建议高收入者应直接在公司楼上租酒店。
不明,时间质疑,1,作者质疑高收入者没有时间和伴侣过家家。
不明,朋友回避政治话题,1,台湾朋友一直避免与作者讨论两岸称谓问题
不明,日常称谓差异,1,作者坚持称“台湾省”而朋友坚持称“我们这边”
不明,预设友谊破裂条件,1,作者认为若朋友纠正其称谓则无法继续做朋友
不明,相亲经历,1,作者提到相亲三十次均未成功
不明,听闻他人案例,1,作者提及一个大二学生不顾家庭条件执意买车装模作样的现象
不明,行为假设,1,作者假设此类情侣在高中时期仅接吻且未违法。
不明,状态评价,1,作者评价此类情侣自律且处于纯爱状态。
不明,观影感受,1,对《流浪地球》中牺牲情节引发的大惊小怪感到不解
不明,游戏/作品认知,1,了解《光环》系列中人类不暴露坐标及斯巴达战士的设定
不明,教练训话,1,教练直言队员赛前禁欲比纵欲更能提升比赛爆发力
不明,职场求职受阻,1,作者因纹身被用人单位以“等通知”为由拒绝录用。
不明,态度立场,1,作者对同性恋持不反对也不支持的中立态度
不明,社交原则,1,作者不喜欢听任何人诉苦
不明,心理感受,1,作者对过度排斥同性恋的人感到害怕
不明,遭遇出租车司机指责,1,坐红眼航班下机时因未让司机赚够钱而被其教训不懂事
不明,游泳教学,1,暑假期间教会一名女生四则混合泳
不明,额外照料,1,每次游泳后帮女生洗头洗澡掏耳朵按腿
不明,关系转化,1,将原本的约会关系转变为陪练关系
不明,持续状态,1,作者表示这辈子都走不出对黑皮的喜爱
不明,漫展迷路求助,1,作者 cos 搭子在漫展迷路时，为获取保安指路而被迫添加对方微信
不明,应对缠人摄影,1,作者 cos 搭子面对缠人摄影的扩列请求时，选择暂时答应后回家再删除
不明,被女孩认可,1,作者曾莫名其妙地被一位漂亮女孩认可并围绕在身边
不明,因坚持己见被女友阻止,1,作者曾因认定某事正确而坚持去做，结果被女友激烈阻止甚至打耳光
不明,目睹女友对他人态度反差,1,作者发现女友对自己严厉管控，却对抱怨的他人表现出不管死活的温柔
不明,漫展民宿挤住,1,与社团四名女生挤在一间民宿参加外地漫展
不明,夜间兴奋失眠,1,因想到能为四位女生做饭而整晚兴奋得睡不着
不明,厕所被抢事件,1,次日中午做饭后，四位女生抢占了下午的厕所使用权
不明,厨房被禁事件,1,次日想再次做饭时被四位女生联手拦在厨房门外
不明,睡地受枕经历,1,第一天睡在地上并轮流接收女生丢来的枕头
不明,睡位让渡事件,1,第二天女生们互相挤在床边，空出位置让作者睡觉
不明,奶茶消费观察,1,发现四位女生每人每天要喝四杯奶茶
不明,装备整理配乐,1,在女生整理 AR 小队装备时播放音乐助兴
不明,漫展角色观察,1,次日观察四位女生分别扮演明日方舟、少前及碧蓝航线的角色
不明,黑丝踩背体验,1,漫展结束后让四位女生用穿着黑丝的脚踩在背上
不明,观察他人交往模式,1,作者观察到伴侣间要求明确时相处最舒服
不明,厌恶模糊沟通者,1,作者极度反感那些嘴上拒绝却期待对方主动付出的伴侣
不明,假设荒诞场景,1,作者虚构了对方嘴上说不吃却期待对方做菜并自我感动的荒谬情境
不明,表达决绝态度,1,作者表示若与需求表达不清的人生活在一起会气出病来
不明,创作冲动,1,在让 AI 跑完所有点子后，忍不住想要自己重新画一遍。
不明,放松习惯,1,通过重画那些早已存在且被多人画过的内容来放松。
不明,价值推演,1,作者推演不婚不育可让人用微薄工资自由追求兴趣爱好
不明,人生对比,1,作者对比了无子女婚姻折磨与自由生活对健康和寿命的影响
不明,社会批判,1,作者指出婚姻中获利最多的是商家、学校、社会等外部机构
不明,群体致敬,1,作者表达对敢于顶住压力说不生孩子的女生的敬佩与感谢
不明,聚会应对设想,1,作者设想在聚会被调侃看动画时编造研究人类恶行的夸张理由
不明,日常习惯,1,作者边看成人向动画边喝肥宅快乐水
不明,担任私人司机,1,作者曾受雇为一名富家女担任专职司机并陪同出行
不明,共同完成学业,1,作者与雇主在周末一起抄写作业
不明,私下约会活动,1,作者偷偷带雇主去看电影
不明,接受贵重馈赠,1,作者收到雇主赠送的昂贵眼镜、手表及初中校服
不明,尝试烹饪服务,1,作者连续一周为雇主做午饭，因难吃被婉拒晚餐任务
不明,长途异地汇合,1,作者带雇主跨越两千公里，在深秋的成都机场停车场等待汇合
不明,澄清情感关系,1,作者强调自己与雇主从未谈过恋爱
不明,倾听后辈吐槽,1,作者的后辈经常向其抱怨有人借追求之名行白嫖之实
不明,彩瞳收纳提醒,1,作者提醒彩瞳需提前放入包中以防丢失
不明,假发打理建议,1,作者建议不要临展前才修剪假发
不明,私房照存储规范,1,作者强调私房照需使用独立存储卡
不明,服装清洁警示,1,作者警告展前夜勿弄脏新买的无法水洗的 Cos 服
不明,丝袜备用建议,1,作者建议出兔女郎装时需多备两双丝袜以防勾丝
不明,社交策略主张,1,作者提出应趁年轻多与漂亮女生交朋友以消除社交紧张感
不明,过往言论引用,1,作者曾提及带漂亮 coser 去漫展能吸引更多漂亮 coser 的观点
不明,家庭背景假设,1,作者假设拥有漂亮妈妈能解决与异性交往的难题
不明,社交经验总结,1,作者从小总结出通过加入特定圈子来认识同好女生的经验。
不明,遭遇偷拍与挑衅,1,作者曾遇到有人偷拍自己，被发现后对方还瞪眼示意其配合，作者表示会反击。
不明,受雇接送学生,1,作者曾受浙江老板雇佣，月薪一万多负责每周接送其女儿上下学
不明,恋爱体验,1,作者将谈恋爱比作开盲盒，结果完全不可预测
不明,漫展经历,1,作者在漫展中通过集邮最终与一位自由高达 Coser 共进晚餐
不明,少年时的梦想,1,曾在夏天于稿纸上随意涂鸦超级机器人
不明,对梦想的自嘲,1,认为少年时让梦想实现的念头是幼稚的
不明,与 00 后朋友交谈,1,作者与一位拥有四套房的 00 后朋友讨论社保、房产与未来政策风险的话题
不明,分析婚恋观念,1,描述若男方试图独占女方家庭资产将导致恋爱关系破裂的现象
不明,婚姻选择,1,作者因认为处女是诅咒和枷锁而选择不结婚
不明,陪游服务定价,1,作者提供每日 1500 元的陪游服务，负责规划行程并承担所有开销预算。
不明,拒绝免费陪游,1,作者拒绝了一位要求免费陪游一周并承诺承担所有费用的男性提议。
不明,厌恶“格局打开”言论,1,作者强烈反感“格局要打开”这句话，认为这是试图白嫖的油腻表现。
不明,住宿条件妥协,1,作者表示若客户担心亏损，可放弃五星级酒店改住连锁酒店，只赚取固定服务费。
不明,职业生存状态,1,作者靠审美能力谋生，认为若审美偏差会导致失业
不明,观赛联想,1,观看开幕式时联想到黄浦江廉价客轮的叫卖场景
不明,消费意愿,1,因觉得某蒙面表演者帅气而产生购买周边的想法
不明,社交策略调整,1,作者决定放弃思考尊重问题，仅凭本能好恶与女生交流。
不明,情感互动瞬间,1,在对方犹豫时主动亲吻，或在打闹中被按在床上时脸红发呆
不明,亲密行为表现,1,在地铁无座时坐在对方身上，或私下透露未穿内裤并邀请触碰
不明,关系抉择时刻,1,甩开其他男伴选择跟随对方离开
不明,日常生活融合,1,自然地询问晚餐安排，或在人群中时刻跟随对方
不明,公开关系展示,1,在酒吧等公开场合假装醉酒并亲吻以炫耀亲密关系
不明,情感反应状态,1,无论在何种场合见到对方都会发自内心地开心
不明,奔赴见面行动,1,只要对方提出见面，无论遇到什么困难都会立刻前往
不明,人生轨迹偏离,1,未实现父母期望的学业、婚姻及稳定工作
不明,父母态度转变,1,父母转而要求作者照顾好自己并过得开心
不明,伴侣性格改变,1,交往对象随时间推移变得更大胆旁若无人
不明,日本旅游恶作剧,1,在日本旅游时故意扮小混混吓唬上班族
不明,天生特质,1,作者自述似乎天生就存在性瘾等心理特征
不明,严重隔离期,1,最严重时曾连续两周不出门，否则会出现强烈分离焦虑
不明,自我厌恶,1,讨厌自己的身高和大大咧咧的性格，向往性冷淡文学少年形象
不明,强迫性宣泄,1,将排解性欲比作催吐，必须彻底释放才能缓解焦虑
不明,社交消耗,1,为维持理智性格而频繁发生性行为，导致经常更换朋友
不明,生活停滞,1,无法长时间正常工作生活，陷入做爱与短暂正常的循环
不明,记录习惯,1,通过写作记录经历，替代了以前拍摄视频作为解压途径
不明,助人经历,1,曾帮助多位自称有性瘾的女生治愈了该问题
不明,频繁更换伴侣,1,作者自称交往过众多女性，其中对体力有极高需求的不足 20 人
不明,被伴侣反复拉黑,1,曾遇到一位女性每次事后因自责拉黑作者，但一个月后又主动加回求复合
不明,多次被事后拉黑,1,作者表示至少被五六个女性在上床后立刻拉黑过
不明,定期约会学妹,1,作者曾每隔半年去见一位学妹，对方每次都需要重新适应
不明,自称百人斩,1,作者自述已达到与一百名女性发生关系的经历
不明,他人经验转述,1,作者提及一位女性朋友曾传授其关于提供情绪价值的具体话术与策略
不明,假设性担忧,1,作者假设提问者若为其妹妹会采取极端措施阻止其婚姻
不明,强行灌输恋爱观,1,作者曾试图向想当舔狗的男性朋友灌输恋爱靠运气而非努力的观点
不明,人际关系恶化,1,因上述行为导致多个朋友非常讨厌作者
不明,态度转变,1,作者现在不再关心朋友的感情死活，选择冷眼旁观
不明,长期被地域歧视,1,作者作为上海人长期遭受“排外”“素质差”等刻板印象攻击
不明,对香港歧视的愤怒,1,作者表示唯独对香港的歧视感到极度愤怒和破防
不明,情感混乱,1,作者自述曾出轨、维持多段关系并与小十岁的女性交往
不明,情感理念,1,作者表示即便自己行为恶劣，也绝不会试图将优秀女性束缚在身边
不明,架住醉酒撒泼者,1,作者曾按住并压制一名喝醉后撒泼打滚的年轻女性，直至其冷静后将其带走。
不明,机场寻车被安抚,1,朋友在陌生机场停车场陪我奔波找车时，不仅不抱怨还安慰我不要着急。
不明,穷困潦倒被接济,1,前 cos 搭子在我们身无分文时，总能变出钱来保证我不会饿死。
不明,商业观察,1,作者观察到拥有50年经验却拒绝学习新知的老者型对手 / 作者观察到虽为新手但如饥似渴学习优点的聪明型对手
不明,受雇接送,1,受雇于雇主父亲负责接送其女儿上下课
不明,协商加班,1,为陪雇主女儿去漫展与雇主协商调整自家猫咪预产期
不明,全副武装护送,1,身着正装并携带道具伞和假枪护送雇主女儿参加漫展
不明,现场安保,1,在漫展现场通过气场震慑潜在骚扰者并保护雇主女儿
不明,建立长期约定,1,与雇主女儿约定后续漫展需穿正装、带大伞和红茶杯陪同
不明,假设推演,1,作者描述了与这类男性互动时可能发生的“闹过分被冷处理”或“提分手被顺从”的假设场景
不明,跑腿服务,1,作者曾担任大小姐的私人跑腿，负责接送和陪同出行
不明,温泉同行,1,周末陪大小姐泡温泉，负责等待并为其梳头
不明,迪士尼随行,1,陪大小姐去迪士尼，通过拎包换取门票、食宿及额外现金报酬
不明,漫展随行,1,陪大小姐参加漫展，通过拎包换取全部活动费用
不明,逃学拦截,1,在大小姐欲逃学去香港时，作者联系其父亲导致计划失败
不明,被解雇,1,因告密导致大小姐逃学失败，作者因此被辞退
不明,两性关系观察,1,作者总结出女生非情侣状态下对肢体接触接受度的差异结论
不明,厂里养狗经历,1,在工厂负责照顾德牧和边牧，观察它们在广阔场地自由活动
不明,家庭养宠对比,1,对比母亲对自己在家养猫的焦虑与对厂里养大狗的意外理解
不明,日常观察感悟,1,每天在楼上观察狗群活动，得出城市不适合养大狗的结论
不明,与职业 coser 朋友闲聊,1,作者向朋友询问穿特定角色服装挖坑的报价并引发玩笑冲突
不明,虚构角色分析,1,作者分析了野比大雄在荒岛生活、对抗铁人兵团等虚构情节中的表现 / 作者指出野比大雄救活静香小狗并陪伴十年的虚构故事 / 作者评价野比大雄掌握创世神力量后仍保持善良的虚构设定
不明,虚构角色评价,1,作者对小夫这一虚构角色的性格进行了负面评价
不明,性偏好形成,1,作者自述极度讨厌处女并会因此回避对方
不明,心理反应模式,1,作者对非处女女性产生“野”的欣赏感
不明,行为准则,1,作者倾向于追求交往经历丰富的女性以证明自身更强
不明,价值观判断,1,作者认为处女身份相关场景具有强烈的性吸引力缺失
不明,篮球互动,1,作者回忆与假小子打篮球时对方带着球冲进怀抱的莽撞触感
不明,日常相处,1,作者描述与假小子在家庭餐厅牵手奔跑、闲聊无营养话题的场景
不明,目击剐蹭事故,1,看着外卖小哥溜坡撞坏发小的二手卡宴
不明,观察发小善举,1,目睹发小在事故中优先关心外卖员伤情并让其离开
不明,质疑购车动机,1,向发小询问为何购买不符合其性格的昂贵二手车
不明,聆听人生哲学,1,听发小解释买破车是为了堵住他人关于“有钱就会变心”的借口
不明,接收手作高达模型,1,收到大小姐亲手涂装的凤凰高达
不明,接收盗版拼装礼物,1,收到 CP 送的盗版美少女战士积木
不明,接收冷门模型惊喜,1,收到后辈拼好的局地战高达
不明,接收拼好模型礼物,1,收到前搭子拼好的 KO 大白鹅
不明,接收未拼装模型,1,收到商会大小姐送的深度强袭但尚未拼装
不明,珍藏他人赠礼,1,将所有收到的模型妥善保存在柜子里
不明,职业偏好排斥,1,只要女生表示想当老师，作者就会立刻远离她
不明,天赋特质,1,作者认为自己拥有让人开心的特殊能力
不明,社交状态,1,作者与任何人相处时都能带动气氛并提升他人自信
不明,心理需求,1,作者将他人对其能力的认可视为顶级情绪价值
不明,遭遇病娇恋爱,1,作者描述了一段被病娇女友时刻监控、情感索取无度直至精神崩溃的虚构恋爱经历
不明,签订恶魔契约,1,作者自称是与恶魔签订契约的特殊存在，暗示其拥有承受病娇代价的能力
不明,与高颜值伴侣交往,1,作者曾交往过非常漂亮的女朋友
不明,约会路遇路人反应,1,在街上与女友打闹时引发路人侧目及中年大叔的惊呼声
不明,商场观察死宅行为,1,在商场洗手间外目睹一名死宅打扮男子长时间偷看女友背影
不明,地铁让座互动,1,在地铁上因女友漂亮获让座，女友随后坐在作者腿上
不明,快餐店特殊待遇,1,在肯德基因女友漂亮获得店员多给冰淇淋的优待
不明,飞机问卷调查,1,在飞机上因女友漂亮被空姐选中填问卷并连带获得礼物
不明,购物优惠经历,1,女友在购物时因漂亮常获得商家额外优惠
不明,漫展被拍经历,1,在漫展上女友因被围观而扑入作者怀中引发众人遗憾叹息
不明,被迫接收劣质返图,1,收到硬要扩列的摄影发来的三张糟糕场照
不明,强忍吐槽营业致谢,1,强忍吐槽冲动选图下载并礼貌道谢
不明,应对催婚,1,面对他人催婚时，作者会故意贬低自己无工作、凑不出彩礼来让对方知难而退。
不明,约会行为,1,曾带女生去水族馆用大白蟑螂吓她
不明,性爱体验,1,作者通过亲身实践发现女性在性爱中体力较弱，难以长时间坚持。
不明,纯文字聊天困境,1,作者认为打字聊天是死胡同，必须尽快转为语音或见面
不明,特定目标追求,1,作者自述针对特定目标追求的成功率约为三分之一
不明,漫展偶遇正缘,1,作者在漫展原本追求他人失败，却意外与晕倒的 CP 在一起
不明,传授恋爱经验,1,作者曾建议朋友带女生去上海中心顶层约会，结果朋友失败
不明,恋爱操作原则,1,作者坚持正经恋爱不搞骚操作，仅分享未翻车的案例
不明,饮食习惯改变,1,因山东女友推荐而疯狂爱上大饼卷甜面酱包大葱
不明,担任富家大小姐执事,1,作者自称曾为有钱人家大小姐提供执事服务并收取工资与跑腿费
不明,担任夜店男模,1,作者曾从事夜店男模工作，提供陪酒、按摩等服务
不明,担任富婆拎包小弟,1,作者曾跟随前老板及富婆姐姐担任拎包小弟，持续两年未缺钱
不明,从事定制男喘,1,作者曾通过提供定制男性喘息音频服务赚取收入
不明,撰写定制色情小说,1,作者曾撰写定制色情小说，因说话风格被误认为女性而获得大量订单
不明,尝试女喘赛道,1,作者曾尝试以青受音夹女声从事女性喘息音频服务，但因线下邀约过多而放弃
不明,身份背景,1,作者作为上海人自称没有大男子主义
不明,互动经历,1,作者配合女性要求扮演粗暴角色进行肢体互动 / 作者曾掐住对方脖子进行长达四分钟的言语挑逗
不明,展会途中借宿,1,凌晨抵达异地后与伴侣在火车站肯德基趴桌补觉至清晨
不明,朋友消费观察,1,目睹朋友花费巨资进行高价 Cosplay 互动及女仆咖啡厅消费
不明,价值观反思,1,对花钱购买性服务及亲密互动的行为表示无法理解与同情
不明,心态转变,1,作者理直气壮承认贫穷后感到生活快乐轻松
不明,社交约定,1,作者要求朋友外出游玩必须自带资金
不明,恋爱互动模式,1,作者与历任女友在面临异性邀约时，通过假装吃醋来引导对方拒绝邀约的互动经历
不明,家长身份,1,作者以家长视角提供监控子女手机及应对“圆角”行为的建议
不明,策略构想,1,作者提出伪装嫖客进行钓鱼执法的极端应对方案
不明,观察 AI 现状,1,作者发现当前人工智能水平与十年前相比并无本质进步
不明,认知成年人心态,1,意识到成年人明知尽早解决问题正确却因怕累而不愿执行
不明,反思学业压力,1,指出交卷越快成绩出来越快反而导致学业压力增大的现象
不明,协助拍摄准备,1,帮拍摄对象换衣服、补妆、梳假毛并调整姿势
不明,灯光与风格测试,1,测试肤色所需环境光并确认拍摄风格
不明,心理顾虑,1,担心拍摄过程中会看光
不明,模特班训练经历,1,进入模特班后抗拒穿着暴露的训练服
不明,健美形体课程,1,参加男女分班的健美课与合上的形体课
不明,烹饪爱好实践,1,作者每交往一位伴侣都会将其作为烹饪实验对象
不明,生存观念形成,1,长期认为有性生活就能避免饿死，因此对金钱持无所谓态度
不明,核心焦虑状态,1,极度恐惧完全没有性生活，甚至因此怀疑世界真实性
不明,听闻他人经历,1,作者听伴侣讲述其家庭在 2013 年后福利减少及父亲受审查的往事
不明,社交策略自述,1,作者自称以特定人设筛选并试探女性好感度
不明,互动模式描述,1,作者描述通过特定话术测试女性反应以判断其是否为目标对象
不明,漫展被搭讪,1,因扮演红 A 角色被一名扮演 Saber 的女生全天追逐求合影
不明,漫展搭讪误解,1,误以为靠健谈和翻桌帅气吸引女生，实则是因角色喜好和翻桌时的可爱失误
不明,漫展被袭胸,1,扮演角色时被两名初中女生拦住拉扯道具并揩油一分钟
不明,漫展扮演士官长,1,扮演士官长时垫高身高至两米，在漫展外场引路人围观拍照
不明,漫展社交成果,1,每次漫展至少添加二十名 coser 联系方式并成功带走一位女生
不明,漫展现状观察,1,发现当前漫展几乎无落单 coser，因单人出 cos 太累且多自带摄影
不明,情感共鸣状态,1,作者认为现实中存在像海梦一样全心全意爱人的美少女
不明,帮陌生女性搬行李,1,作者经常主动帮助提不动大行李箱的陌生女性
不明,接受感谢与馈赠,1,作者因帮忙收到巧克力、零食或鞠躬致谢
不明,目睹受助者反应,1,作者看到受助女性从绝望到得救并打电话报平安
不明,感知善意氛围,1,作者在公共交通上感受到大多数女性释放的善意
不明,社会洞察,1,指出人类嘴上追求安稳，实际却容易被“坏男人坏女人”吸引
不明,遇见聪明漂亮姑娘,1,作者表示这辈子遇到过不少又聪明又漂亮的姑娘
不明,遇见黏人富家少女,1,作者称遇到的有钱漂亮且爱黏着自己的 JK 大小姐能组成一个超级战队
不明,与搭子发生亲密关系,1,作者与一位纹有男友名字的搭子进行性行为并故意刺激对方
不明,为搭子筹备特殊场景,1,作者购买婚纱并请妆娘为搭子化妆，约定在搭子男友回国前实现其特殊愿望
不明,市场观点,1,作者认为男性消费者在遭遇攻击时会选择沉默掏钱而非争吵
不明,矛盾亲密关系,1,作者与一位性格迥异的异性朋友维持着既频繁争吵又极度亲密的性爱关系
不明,电梯热吻,1,两人每次见面争吵后，一进电梯就会立刻开始激烈接吻
不明,酒店过夜,1,两人在酒店房间进行持续不断的亲密行为直至天亮，期间几乎不说话
不明,生理性吸引,1,作者与对方确认彼此是纯粹的生理性喜欢，对方甚至将作者视为“自虐道具”
不明,写作能力自述,1,作者认为自己完全没有想法，无法独立创作小说。
不明,创作辅助经历,1,作者曾利用 AI 工具润色不同角色（如警察、特工、疯批杀手）的台词。
不明,人设测试体验,1,作者曾将写好的基本人设输入 AI，测试其生成符合角色性格的对话。
不明,家务观念形成,1,作者认为世界上没有真心喜欢做家务的人
不明,父亲职业建议,1,父亲教导作者年轻时应多赚钱而非做家务
不明,家庭雇佣习惯,1,作者家中一直聘请阿姨负责打扫
不明,自我伤害行为,1,将搬重物、高空坠落等伤害身体的行为视为很酷
不明,极限工作挑战,1,连续三天不睡觉制作道具
不明,精神自我激励,1,通过喊口号强行驱使疲惫的身体继续行动
不明,情感矛盾,1,作者声明拒绝爱上自己的亲妈和小妈妈
不明,情感转变,1,作者承认实际上挺爱自己的小妈妈
不明,情感创伤,1,因长期遭遇过度承诺与情感索取而陷入自我否定
不明,网络误解,1,作者在网上常被误认为是女性
不明,社交倾向,1,作者与女性相处时更聊得来
不明,性格状态,1,作者性格开朗且不阴郁暴躁
不明,观察观点,1,作者提出用“不缺女人但油腻”来分辨男性类型
不明,情感克制,1,现在已能忍住被任何人撩拨的冲动
不明,夜间满足,1,晚上总有人能满足自己的需求
不明,择偶倾向,1,作者表示在美少女与美少妇之间会选择美少女。
不明,运动训练,1,作者通过锻炼腰臀核心，实现了能持续20分钟输出及2分钟高速冲刺的体能状态。
不明,心理建设,1,作者在与伴侣互动时，刻意建立体力优越感并配合温柔语调，使对方被迫认输。
不明,老二次元状态,1,作者自称是奔三的老二次元，平时只喜欢老作品且身边缺乏同好
不明,漫展扩列,1,作者在漫展上通过扩列认识了一位 JK
不明,线上答疑,1,作者通过 QQ 向该 JK 多次讲解高达系列剧情与设定
不明,线下约会,1,作者与该 JK 在甜品店面对面交流高达细节
不明,共同观影,1,作者与该 JK 靠在一起观看高达动画并深入讨论
不明,约拍计划,1,作者与该 JK 约定周末去买布料制作吉恩秘书的 Cosplay 服装
不明,婚姻观察,1,目睹一对因金钱算计和缺乏爱意而经营失败的婚姻
不明,约会消费模式,1,作者因没钱而减少外出，改为邀请对方来家做饭或让对方买单
不明,日常开销习惯,1,作者连喝奶茶都由女生请客
不明,观察网络现象,1,观察到 2005 至 2010 年间论坛上存在使用女性 ID 获得追捧的现象
不明,分析群体成因,1,分析二十来岁男娘群体在小学初中时期受上述现象影响的心理成因
不明,兼职写作,1,穷困时期曾撰写定制色情小说
不明,游戏脚本创作,1,为朋友编写 Galgame 剧本
不明,网文代笔,1,替朋友代写网络小说并构思角色
不明,被误解的社交优势,1,因长相好导致人缘、恋爱及陌生人的善意都被归结为外貌因素
不明,情感关系,1,商会大小姐被自己的声音而非长相吸引
不明,职场评价,1,仅前老板及其闺蜜曾夸赞过自己的长相
不明,家庭财务危机,1,骗父亲创业资金挥霍一空后面临无法偿还的困境
不明,获救经历,1,在无法偿还父亲债务时得到刚认识的商会大小姐借款平账
不明,对 JK 制服的比喻性描述,1,作者将 JK 制服比作即食小蛋糕并描述其穿着体验
不明,对汉服的比喻性描述,1,作者将汉服比作过度包装的粽子并描述其繁琐的穿着过程
不明,遭遇变态前任,1,作者曾遇到一位有严重绿帽情结的男性，对方最终发展为阳痿，仅对伴侣与他人发生关系时有反应。
不明,行为倾向,1,作者表示可能在承诺后第二天就卷款失联
不明,性别身份陈述,1,作者表明自己是男性
不明,生日陪伴,1,作者从不送廉价礼物，而是陪女生吃饭聊天切蛋糕过生日
不明,初次见面肢体接触,1,在接女生路上摸第一次见面的女生大腿
不明,礼貌问候遭拒,1,礼貌询问对方身份时被指责装模作样
不明,讲露骨黄色笑话,1,讲过很多网上认为下头的侮辱性黄色笑话
不明,冒犯性玩笑,1,在女生抱怨父亲后讲伦理梗骚话
不明,肢体暴力,1,打过女生耳光并掐脖子
不明,语言辱骂,1,对女生进行语言辱骂
不明,无视求饶,1,在对方求饶时仍坚持暴力行为至最后
不明,绅士承诺遭拒,1,承诺绝不打女生反被对方认为没劲而离开
不明,精心打扮,1,为了见对方而特意精心打扮
不明,持续聊天,1,一直缠着对方聊天
不明,肢体互动,1,在对方身边蹦蹦跳跳并用小皮鞋踢对方小腿
不明,策划约会,1,还没到下午三点就提议偷偷跑掉去吃晚饭和唱 K
不明,共同欢笑,1,聊天时两人不自觉一直笑
不明,亲密接触,1,给手机看内容时贴得很近
不明,全天分享,1,一整天都围着对方并分享手机里的所有内容
不明,抱学习委员,1,抱着 155 厘米双马尾的学习委员感到疲惫
不明,抱 coser 学姐,1,抱着 172 厘米的 coser 学姐时紧张到手抖
不明,抱学妹,1,抱着 150 厘米的学妹时产生变态感并感到开心
不明,抱前女友,1,抱着 174 厘米黑皮前女友时用力并试图激怒她
不明,抱前老板,1,抱着前老板时担心对方腰部疼痛
不明,抱大小姐,1,抱着大小姐时因恐惧被其父报复而感到害怕
不明,抱 CP,1,抱着 37 公斤的 CP 时感到熟练且轻松
不明,抱 JK 小菜鸟,1,抱着 JK 小菜鸟时害怕被路人发现并报警
不明,床笫间的配合,1,在床上看着女友与追求者通话并示意自己继续
不明,临时邀约赴约,1,被女友 A 放鸽子后临时约女友 B 见面
不明,目睹女友甩掉追求者,1,女友 B 借自己电话为由迅速甩掉正在吃饭的肥宅男友
不明,漫展后的嘲讽,1,与 CP 在漫展后一边被对方服务一边嘲讽并模仿讨厌追求者的聊天记录
不明,拒绝伴侣,1,作者明确告知对方不想结婚并劝其放弃保留贞洁
不明,自我贬低,1,作者自称是喜欢物化女性且道德败坏的人
不明,劝诫异性,1,作者阻止年轻女性模仿抽烟喝酒等行为
不明,驱赶异性,1,作者以讨厌为由催促对方回家遵守门禁
不明,社交行为,1,作者从未在社交圈中表达过不羡慕弱于自己个体的观点
不明,观察异性择偶现象,1,作者多次遇到身高150-160的女生对高个男生表现出强烈渴望的案例
不明,婚礼筹备,1,作者描述上海家庭在结婚时双方父母提供高额彩礼、房产及婚礼费用的具体细节 / 作者提及双方父母对礼金和后续资金支持的安排 / 作者总结双方家庭资助后总计约七十万的资金状况
不明,社交筛选,1,作者会分辨对方是否同圈同类，对玩不到一块的姑娘不接撩。
不明,口碑积累,1,作者因此在女性朋友圈子里建立了很好的口碑。
不明,获得评价,1,作者被评价为和别的男人不一样，很干净且面对调戏时很乖。
不明,身高虚报期,1,曾长期虚报身高为 188 以显得正常
不明,身高坦诚期,1,发现报出真实身高 192 反而引发好奇而非排斥
不明,经济状况不佳,1,作者自述目前比较穷，不具备金钱上的吸引力
不明,职场受青睐,1,领导、老板及路人因作者形象精神而主动提供工作机会或给予宽容
不明,社交优势,1,在路演等场合因口才好而获得额外时间和他人信任
不明,人脉积累,1,拥有比常人更多的高质量朋友
不明,能力认可,1,凭借口若悬河的表达能力轻松胜过他人精心准备的成果
不明,金钱态度,1,作者表示无论多穷都能活下去，一向不在意金钱。
不明,情感原则,1,作者坚持不能接受与不爱自己的女性发生性关系。
不明,情感感知,1,作者自称对女性是否对自己有好感相当敏感。
不明,择偶底线,1,作者拒绝任何直奔主题的性请求，无论对方外貌如何。
不明,社交现状,1,作者身边不缺愿意陪伴吃饭、聊天和听故事的女性。
不明,价值观念,1,作者认为单纯的性索然无味，唯有爱恋才是美好的。
不明,网络围观,1,作者在知乎阅读并评论了关于某男性用户抱怨女友花钱的帖子
不明,体味对比观察,1,作者将外国女性体味比作发酸孜然羊肉，国内女性比作新鲜三文鱼
不明,身体特征体验,1,作者描述白人女性腋窝易出汗、脚部咸味重及皮肤有绒毛等特征
不明,亲密接触经历,1,作者与白人女性发生亲密关系后，次日房间内仍残留浓重腌肉味和腥味
不明,酒友观察,1,发现 16 至 30 岁的酒友群体普遍排斥白酒和黄酒
不明,接受洗脑教育,1,作者认为自己必须成为社会的中流砥柱
不明,心理自我否定,1,作者无法接受自己可以成为一个快乐的废物
不明,公车私用沉迷期,1,作者曾有一段时间沉迷于利用自身条件追求并征服各类受追捧的女性。
不明,征服美少女经历,1,作者多次凭借身体素质战胜对手，成功让受众人追捧的女性在公开场合与其亲密互动。
不明,家庭养犬,1,父亲在自家院子饲养三条黑背和一条罗威纳
不明,安保应对,1,父亲为防入侵将阁楼房间改造为配备弩的警戒室
不明,意外惊吓,1,空调维修工误入院子被狗群吓得哭泣
不明,战术观察,1,作者发现狗群在有人路过时会进行分工配合的巡逻
不明,观察伴侣社交遭遇,1,作者观察到其作为 coser 的伴侣在漫展被中年男性搭讪后，对方常抱怨自己妻子外貌不佳。
不明,虚构情境构建,1,作者构建了一个老实孩子邂逅黄毛少女的完整虚构故事
不明,感官触发联想,1,因沐浴露气味、音乐或喘息声等无关事物触发对性的强烈联想
不明,高频自慰记录,1,曾创下单日十次及连续一个月每天六次的自慰记录
不明,持续戒赌,1,因童年赌运差而从此不再赌博
不明,持续不嫖娼,1,坚定承诺这辈子从未嫖过娼
不明,持续不抽烟,1,很少抽烟，仅将烟作为装饰品
不明,持续做饭,1,超级喜欢做饭，尽管味道很难吃
不明,持续厌恶暴力,1,除非给钱否则绝不殴打他人，拒绝用暴力解决问题
不明,与女生进行力量测试,1,作者与一名女生互相尝试用手臂勒住对方脖子，测试挣脱能力并导致女生感到窒息。
不明,尝试后宫模式,1,维持三四人同住同出以分配均等陪伴时间
不明,关系因分离崩解,1,后宫成员因短期离开无法获即时反馈而关系破裂
不明,观念反思,1,作者认为“供养者”概念荒谬且拒绝为此拒绝恋爱
不明,早恋经历,1,作者曾与女友在学校装作陌生，放学后偷偷约会拥吻
不明,积累应急金,1,好不容易存下一笔抗风险准备金并谨慎使用
不明,求职务实,1,在资金紧张时选择脚踏实地找工作而非冒险创业
不明,作者展示父亲旧模型,1,作者经常将父亲的旧模型当作自己的收藏向外展示
不明,生病被女生照顾,1,作者发烧时女生煲汤来喂，被母亲撞见并致谢
不明,拒绝女生做饭,1,作者从未邀请过女生来家中做饭以炫耀其厨艺
不明,被小女孩教导,1,一个小女孩教会作者不要对陌生人毫无意义地献殷勤
不明,CP 性别自爆事件,1,作者 CP 在男娘群中自曝是女生导致群内话题突变
不明,打车经历,1,作者在机场火车站打车时因距离短而感觉被司机视为“犯罪”，并需忍受司机的脸色和唠叨。
不明,陪富婆姐去商 K,1,作者曾跟随富婆姐前往商 K 并与其他女性同桌
不明,蹲守抽烟,1,作者曾在商 K 外蹲着抽烟时偷听到男子向妻子抱怨
不明,创业雇佣员工,1,作者作为老板承担房租水电并雇佣员工分担工作
不明,方言知识分享,1,作者介绍上海话中“小棺材”“脱底棺材”等词汇的含义及使用场景
不明,动画观察分析,1,观察到动画热播后融入军武和键政内容导致吉恩行为难以自圆其说
不明,粉丝观影体验,1,观看动画中杰刚队长战斗片段时感到惊喜并认可其作画质量
不明,粉丝群体共鸣,1,因动画尊重粉丝对机体战斗的推演而引发大家津津乐道
不明,观看动画体验,1,作者认为《seed》因处于赛璐璐转型期导致质量差、机器人有塑料感且人物作画崩坏 / 作者认为《w》片头未崩坏且作画质量与老 TV 持平，剧场版也未丢人 / 作者指出《seed》剧情虽蠢但角色登场逼格高
不明,推荐高达补番,1,向入坑 JK 推荐高达剧场版和 OVA 作为补番方案
不明,自称高达专家,1,被他人称为高达专家但实际未看完任何 TV 版
不明,观看高达作品,1,仅完整看过老 UC 剧场版、OVA 及通关游戏基连的野望
不明,情感观念形成,1,作者自述天生讨厌处女及女朋友这一概念
不明,过往经历回顾,1,作者提及自己曾有过被戏称为“胡扯的乱七八糟”的经历
不明,职业经历,1,作者曾担任过富二代和富家女的司机及伴游
不明,职业反思,1,作者意识到打架技能在社会工作中毫无用处且影响职业发展
不明,游泳队训练经历,1,作者曾在游泳队中观察到身体天赋好的队员优先主攻蛙泳以获取名次。
不明,协助创作台本,1,作者曾经常为在女仆店打工的朋友撰写“雌小鬼”风格的毒舌台词。
不明,见证朋友被误认,1,作者目睹朋友因录制付费语音被客人误认为真心告白，随后朋友澄清并拒绝了对方的追求。
不明,床上互动,1,作者与学妹在亲密行为前后进行挑衅、抱怨及玩笑对话
不明,观察倾听,1,作者长期听到女生吐槽追过自己的外貌不佳的男生
不明,长期被包容状态,1,因父母和伴侣的无条件包容，作者从未被要求必须完成特定目标，生活无忧无虑。
不明,亲密互动模式,1,作者在亲近的人面前习惯撒娇、求抱抱、随意亲吻并表达爱意，表现得十分幼稚。
不明,情感信任经历,1,作者因从未被伴侣背叛，始终坚信可以无条件信任爱自己的人。
不明,择偶选择经历,1,作者多次被优秀女性坚定选择，甚至对方会兴奋地将其他追求者视为挑战游戏。
不明,情感困惑状态,1,作者因自身经历过于顺利，无法理解或解释为何能吸引到性格像轻小说女主般的优秀女性。
不明,人生顺利状态,1,作者认为自己人生顺遂得不可思议，甚至觉得这种经历会消耗理智值（掉 san）。
不明,网友相识,1,在明日方舟贴吧与朋友相识并互加好友
不明,线下见面,1,与朋友相约参加明日方舟展会并见面
不明,倾听倾诉,1,见面途中朋友向自己全盘托出家庭状况
不明,陪伴离家少年,1,朋友因父母离婚且被禁止外出而离家出走，请求自己陪伴游玩
不明,代为消费,1,朋友将手机交给自己去购买物品
不明,心理疏导,1,花费两天时间开导朋友使其愿意联系母亲
不明,留宿接待,1,朋友在联系母亲后于自己家中暂住两天等待接回
不明,朋友倾诉,1,作者接待一位被长期纠缠的女生，听其倾诉被追求者道德绑架的焦虑经历
不明,朋友爆发,1,作者目睹女生带着酒来家中，通过疯狂自骂和痛骂追求者来宣泄情绪
不明,朋友解脱,1,作者见证女生在彻底爆发后扔掉手机，瘫倒在沙发上获得心理解脱
不明,被朋友邀约漫展,1,被朋友以出文奈学姐为由骗去漫展
不明,协助制作模型,1,被朋友骗去帮忙制作参加比赛的钢普拉模型
不明,提供设计方案,1,向朋友提供电脑里现成的葵曼莎外观改装方案
不明,现象批判,1,作者批评有人误以为只要给钱就能解决一切问题
不明,婚恋警示,1,作者警告先订婚再发生性关系可能面临被坑风险
不明,基础课经历,1,作者在上基础课时老师曾指出仅会素描和水粉毕业后只能在外滩以 15 元一张的价格谋生
不明,日常消费习惯,1,平时上课期间消费较少，周末仅进行奶茶、甜品店等低额娱乐活动。
不明,零食消费状态,1,日常购买大量小零食即可获得满足感。
不明,高消费活动经历,1,参与 Cosplay 活动时单次开销可达两三千，但一年仅发生几次。
不明,结识 coser 朋友,1,作者认识一位身材娇小且练习跆拳道的 coser
不明,担任陪练,1,作者在一个暑假期间担任该 coser 的跆拳道陪练
不明,参与特殊训练,1,作者配合对方进行模拟被变态抱住并挣脱攻击的试炼场景
不明,得知真相,1,作者后来发现对方进行该训练的真实意图是玩窒息 play
不明,现状推测,1,推测姐姐已大学毕业很久
不明,拥有特殊朋友,1,作者有一位性格矛盾（社恐、学霸、疯批、雌小鬼）且对老动画如数家珍的朋友
不明,角色扮演,1,利用身高和增高垫扮演还原度高的士官长
不明,饲养德牧,1,作者家中饲养了一只忠诚且对陌生人会预警的德国牧羊犬
不明,探访朋友家,1,作者去朋友家做客时观察到朋友饲养的边境牧羊犬行为独特且精力旺盛
不明,翻阅画集,1,翻看父亲收藏的漆原智志画集并感叹九十年代尺度大
不明,朋友讲述往事,1,作者转述朋友曾拥有年轻女友并经历破产后由其资助复业的经历
不明,追狗道歉,1,作者因自家大狗追咬邻居小狗而追出、打骂并代为道歉
不明,虚构人设,1,对外谎称自己是外卖员以逃避社交压力
不明,缺乏装备,1,没有外卖员制服和电动车无法支撑谎言
不明,观察路人行为,1,作者观察到有人喜欢边走边吃东西且容易掉落食物
不明,观察养狗现象,1,作者观察到有人养狗时不栓绳
不明,被误认为女性,1,作者虽不使用二次元头像或可爱名字，仍常被网友误认为是女生。
不明,被夸说话可爱,1,作者在日常聊天中常被不同性别的人评价说话可爱。
不明,被误认性别,1,作者在朋友 cos 群中被误认为女生，直到说明身高体重后才被接受为男性。
不明,朋友恶趣味打赌,1,作者的朋友带一位无纹身的辣妹去酒吧，观察其搭讪人数是否多于纹身女孩。
不明,现象归纳,1,作者指出部分女性默认拥有双份收入并按此进行消费分配。
不明,行为描述,1,作者描述部分女性在第二笔收入未到账时选择提前消费并让男性兜底。
不明,酒店赔偿认知,1,作者认为酒店床单通常被视为一次性用品，沾染液体无需赔偿。 / 作者指出大面积泼洒红酒可能因被视为恶意损坏而需赔偿。 / 作者认为损坏酒店固定资产（如洗手台灯罩）会被要求赔偿。
不明,养狗经验,1,作者认为只要愿意给狗做饭，狗肯定会吃得很开心。
不明,探险经历,1,作者曾进入坟地和废弃医院进行探险活动
不明,筛选伴侣,1,作者在交往前刻意筛选掉想结婚的女性
不明,观察行为,1,作者发现未确认关系就发朋友圈的女性是认真想恋爱
不明,解读信号,1,作者认为女生提出不戴套可能隐含结婚意图
不明,警示后果,1,作者警告想玩玩的人不要招惹写情书的姑娘
不明,自我标签,1,作者自称烂人但仍有女生试图拯救
不明,遭遇质问,1,作者被知晓其滥交史的女伴询问未来婚姻
不明,告诫冲动,1,作者警告不要随意接受愿意发生关系的女性
不明,社交观点,1,作者表达“聊天不会怀孕”的轻松社交态度
不明,漫展社交策略,1,作者在漫展中主张同时接触多位 Coser 以判断好感度，而非死追特定对象
不明,角色偏好,1,作者近期最喜爱的角色是妃咲
不明,社交资源,1,作者认识一位身高 1 米 7 的长腿黑皮 Coser 花凛，可拜托其出妃咲 / 作者认识一位巨乳 Coser 小姐姐，可拜托其出铃兰
不明,恋爱对象筛选偏差,1,作者过往的恋爱对象均处于不在意钱的年纪且非真正上班族
不明,遭遇金钱骚扰事件,1,作者曾经历女友被中年富商骚扰，女友因未成年身份吓退对方并激烈辱骂
不明,伴侣消费观念差异,1,作者交往对象普遍不缺钱，更看重能否获得开心与陪伴
不明,伴侣赚钱动机,1,作者的伴侣曾主动带其赚钱，目的是为了让作者有更多时间陪伴自己
不明,作息混乱期,1,长期不坐班导致睡眠周期每隔三四天推迟一两小时
不明,高频社交期,1,"利用空闲时间频繁跨城市约饭并获""波音 c17""昵称"
不明,漫展打卡期,1,耗时半年参加 31 场漫展以完成约满特定动漫角色饭局的成就
不明,社交脱节期,1,因长期不坐班导致与同龄上班族格格不入且缺乏计划性
不明,性格特质期,1,长期处于不懂察言观色和不会点菜的社交状态
不明,社交圈层期,1,因同龄人多上班而主要与大学生群体交往显得更幼稚
不明,约会原则,1,作者坚持只向女性发出一次约会邀请，若被拒绝便不再主动联系。
不明,被拒态度,1,作者表示能接受任何拒绝理由，且不讨厌明确拒绝自己的人。
去年,成功搭讪,1,在漫展上成功搭讪并带走了一位心仪的 coser
去年,拍摄经历,1,被新认识的 coser 邀请在广州萤火虫漫展外场拍摄露出照片
去年,心态转变,1,感叹漫展风气日益开放，对“性萧条时代”的说法表示质疑
高中暑假,高强度田径集训,1,作者每年暑假进行早中晚合计七小时的高强度田径训练。
初中至高中,体重快速飙升,1,作者体重从初中 130 斤一路飙升至高中最重 160 斤。
5-17 岁,长期牛奶摄入,1,每天坚持喝两瓶牛奶
17 岁后,饮酒习惯,1,每天喝两瓶酒加一瓶奶
7 岁起暑假,体育集训,1,参加消耗体力的暑期集训
童年至 17 岁,高蛋白饮食,1,集训期间每天吃牛肉
童年至 17 岁,家庭饮食开销,1,母亲每天固定支出肉钱和牛奶钱
上学期间,体力劳动,1,被老师当作人肉起重机使用
童年至初中,被迫定期做造型,1,母亲每周带作者去理发店修剪头发以维持特定风格
小学至初中,特长生态度,1,学校对特长生群体缺乏管理约束
中二期,文化影响,1,因沉迷日剧而具备扮演不良少年的潜力
17 岁,游戏战绩巅峰,1,17 岁时与一名 30 岁女性配合在 24 小时内完成 9 局游戏
17 岁,频繁线下互动,1,一周内与该女性见面四次并共同进行约 30 局游戏
17 岁,拒绝金钱馈赠,1,拒绝该女性给予的 6000 元营养费并表达对其款待的感激
十六七岁,对肉体的痴迷,1,对女性身体的触感、气味及解剖结构产生强烈好奇与迷恋
十七岁起,模特生涯,1,作者从十七岁开始从事模特工作并接触 C 圈
小学或初中,体能碾压,1,跑完 1000 米后仍能轻松跟随女生再跑 800 米
近期,阁楼独立居住,1,被安排至刚装修好的阁楼，拥有客厅、主卧、游戏间等完整功能，可独立生活一周
夏季,庭院烧烤派对,1,在 500 平米的院子里举办烧烤派对
初中至高中,母亲强制发型打理,1,母亲因审美偏好每周强制修剪、梳理并护理头发
小学五年级至初一,早期亲密接触,1,学妹在小学五年级时便主动坐在我腿上聊天并引导肢体接触
初一,性意识觉醒前的压抑,1,作为腼腆的初一男生，对学妹的亲密举动感到不知所措并压抑自己的兴趣
16 岁,心态转变与关系突破,1,16 岁时想通并主动与 14 岁的学妹发生性关系，从此关系彻底升温
初中至高中,寻找隐蔽场所,1,因无法开房，频繁利用商场厕所、KTV 卫生间、公园小树林等公共场所进行性行为
高二,与年长 coser 交往,1,与比自己大三岁的女大学生在四角关系曝光后开始交往
19 岁,陪醉酒前老板,1,背着喝醉撒娇的前老板在外滩奔跑并满足其各种胡闹要求
高二,班长恋情,1,与同班身材娇小的班长女友交往，常被要求展示体力如举高高
小时候,被助理接送,1,小时候一直由父亲的助理负责接送
初中至高中,情感关系,1,每周仅有一天能与女友深入交流，其余时间处于极度渴望的压抑状态
十年前至二十年前,分享感动,1,曾与朋友共同观看动画并分享强烈的情感体验
高一结束那年暑假,集训期间的情侣互动,1,女友在集合训练休息时邀请作者陪她去漫展并买泳装
高一结束那年暑假,漫展前的约定,1,作者与女友约定周六在楼下见面并互相指定对方的着装要求
高一结束那年暑假,操场黄昏的温存,1,作者在夕阳下的操场跑道边与女友打闹拥抱，感叹青春
小学四年级,被误锁壁橱,1,因六年级姐姐误判家人归家时间，被慌乱锁入壁橱险些窒息
成年后,恋爱模式延续,1,沿用当年姐姐教的方法与女高中生交往
高二,身体发育异常,1,身高达到 192 厘米且体能远超同龄人
小学初中,被迫体育训练,1,因加入区田径队而变成讨厌的体育生
十六岁,误入模特行业,1,陪朋友海选时意外被选中并兼职四年
大学毕业后,主业难以为继,1,冷门设计工作无法糊口，回归模特并去工地搬砖
二十三岁,富婆助理生涯,1,担任总经理秘书，负责订票、整理、扛人及修东西等杂务
辞职初期,低价全能服务,1,以 100 元为单价提供读书、逛街搬运、Cosplay 陪练等奇怪兼职
二十六岁前,靠身体谋生,1,长期依赖身高和体能从事各类工作
二十八岁,体能保持巅峰,1,与高中田径队女生比赛 1000 米仍轻松获胜
高二,结识 Coser 姐姐,1,在漫展偶遇一位大二 Coser 并加入其社团排练
高二,圣诞操场惊现,1,Coser 姐姐穿男装捧花在校操场公开寻找并拥抱作者
高二,全校盘问风波,1,因圣诞事件遭到校长、老师及同学的全方位盘问
高二,校门口重逢,1,放学后在校门口再次遇到 Coser 姐姐并与其对话
19 岁至 24 岁,被催相亲,1,父亲持续多年试图将合伙人女儿介绍给作者
高中时期,青梅竹马分离,1,作者与发小因对方出国而中断联系
24 岁,相亲聚会,1,作者与发小在萨莉亚见面并彻夜畅聊过往恋情
24 岁,被调侃穷困,1,发小在见面时嘲笑作者从高中至今一直贫穷
24 岁,深夜狂欢,1,作者与发小从萨莉亚一路换场至海底捞并醉酒
24 岁,相亲失败,1,作者与发小因感情太好不适合结婚而结束相亲
十年前,父亲的人生叮嘱,1,父亲告诫作者不要创业开店，安稳生活即可
二十岁之前,好斗性格养成期,1,极度喜欢与人吵架，即使没理也要羞辱对方
二十岁之前,恋爱中的冲突制造者,1,女友需时刻拉住我袖子，生怕我因小事与人发生冲突
二十岁之前,无意义的纠缠,1,曾花费整天时间与人胡搅蛮缠，以对方崩溃为乐
二十岁以后,处世观念转变,1,明白若无需赔偿便不应理论，避免将小事闹大
二十年前,公司旧址生活,1,在武康大厦对面木质结构小洋楼里工作并午睡
二十年前,午后穿越感,1,在初夏午后小睡醒来时产生穿越到 1945 年的孤独感
二十年前,食堂用餐体验,1,在二楼改造的玻璃暖棚花园食堂里温暖用餐
高一,漫展合影排斥,1,与女友同去漫展时导致无人找女友合影
小时候,审美偏好,1,认为真实系机器人优于超级系机器人
十六岁,青春遗憾,1,作者因未在十六岁夏天与女友经历理想中的海滩恋爱，导致成年后深夜常陷入对青春一无所有的胡思乱想。
中学,反抗权威,1,因教导主任是姑妈而带头反抗成为反贼头子
高中至今,主动财务披露,1,为避免成为感情骗子而向女生提前说明自己没钱
初中时期,担任司机期间,1,作者为一名初中女生担任司机，在放学路上与其进行长时间聊天
初中时期,接受人生建议,1,作者被该初中女生劝诫不要过度干涉朋友的人生选择
不明时期,闲聊荒诞创意,1,作者与女生讨论将榴莲、生洋葱混合做成网红产品的荒谬想法
2010 年左右,商业构想玩笑,1,作者曾开玩笑设想若出现极端女权环境，可开发恋爱游戏让男性付费
2015 年后,行业观察,1,作者观察到男女对立导致男性消费从家庭责任中解放并转向游戏市场
22 岁之前,兼职助理经历,1,给富婆姐姐当助理和跑腿，随其出席各类社交场合
22 岁之前,定期上门服务,1,每周去老板家中帮忙修理电脑
22 岁之前,被迫展示厨艺,1,被要求做饭并得到虚假夸赞
22 岁之前,醉酒护送任务,1,每晚将喝醉的老板扛回家并安顿
22 岁之前,职场默契瞬间,1,与秃头老板的秘书在会议室外抽烟相视一笑
成年后,身高策略,1,裸高 194 厘米但习惯对外宣称 192 厘米以维持社交优势
日常,街头显眼,1,常被路人指出在马路上过于显眼，甚至被调侃走路时揉女生屁股会引人侧目
广州漫展,装甲巡游,1,身穿斯巴达战士装甲步行至地铁站接人时引发大量围观惊叹与合影请求
漫展经历,公主抱服务,1,在漫展中频繁被女游客要求公主抱，或被男游客要求抱起搭档拍照
广州成都,高频告白,1,在广州和成都的漫展上遭遇大量直白的恋爱告白与搭讪
漫展偶遇,刻晴事件,1,被一位扮演刻晴的 Coser 多次搭讪并试图牵手同行，引发尴尬误会
日常社交,温和拒斥,1,凭借温和开朗的性格，通过礼貌沟通轻松化解路人的推销或骚扰
职业经历,伴游服务,1,因身高近两米且穿正装的形象，承接伴游工作并受金主青睐
过去时光,陪玩大小姐,1,曾为身高 160 厘米的“大小姐”撑伞陪逛商场，扮演正装侍从角色
生活技能,泡茶短板,1,承认自己冲泡红茶和咖啡的技术很差，但靠优雅体态弥补
18 岁起,混迹夜店,1,18 岁开始在上海各类酒吧与不同女性频繁饮酒社交
初中至今,持续性性成瘾状态,1,从初一到现在每天进行三到四次性行为或五到六次自慰以缓解焦虑
18 岁起,频繁夜不归宿,1,除上课外整宿留在女生住处过夜
大学毕业后,全天候陪伴,1,24 小时无所事事地陪人聊天
小学至今,父亲未完成的模型堆积,1,父亲从作者小学起积攒了大量未拼完的模型且至今仍在缓慢拼装
今年,拉坑经历,1,陪一位 JK 去漫展并成功将其拉入高达坑
小学三年级,躲藏尴尬,1,玩飞行棋被姐姐塞进衣橱，开门时卡在柜中四脚朝天
小学三年级,家庭聚餐,1,去姐姐家吃饭时与她抢菜吃
小学三年级,肢体冲突,1,被姐姐打巴掌后又被其安慰拥抱
小学三年级,共同冒险,1,被姐姐保护免受流浪狗追赶
小学三年级,学业互助,1,教读小学四年级的姐姐做数学卷子
2015 年,游戏发现,1,玩《恶魔城月下》时发现角色露奈子直接裸露
