标题,发布/编辑时间,赞同数,内容摘要,链接
如何看待2024年2月23日湖南省人民医院研三专硕研究生留下遗书后自刎身亡？,未知,0,温柔之人的最悲哀之处在于，他们不忍心伤害任何人，甚至不忍心伤害那些曾伤害过自己的人，最后只能把刀指向自己。 她早已崩溃， 但她冷静地没在患者面前爆发，把刀指向患者—— 因为她知道患者也是无辜的，他们只是想看病； 她也没有把刀指向压榨她的人——因为这么做会误伤到她的带教老师，那个为数不多的关心她的人。 温柔的女生，环顾一圈后，发现…,https://www.zhihu.com/question/646920542/answer/3418149368
我还需要找她做心理咨询吗？,未知,0,题主未必需要一位心理咨询师，不过很显然，他的咨询师需要一位督导。 （如果题主的描述是客观现实，而不是题主在轻躁状态下的认知失调） 他们之间的对话过于暧昧，失去了咨访关系本该有的距离感， 比如你在大学校园里散步时，听到一对年轻男女发生如下对话： 男生：“这是我们最后一次见面了，以后我不会来找你了。” 女生听到男生的话，表现得很紧张…,https://www.zhihu.com/question/640658780/answer/3381357631
你有哪些亲身经历过的最诡异的事情？,未知,0,说来有趣。 我的外公一直住在乡下老宅里，生活平静。 但从去年前起，老宅里有个房间就时不时出现怪事， 最先遭殃的是外公家的狗子。 大狗很乖，从来不乱吼乱叫，但不知从哪天开始，它每次经过那个房间时都会对着空无一物…,https://www.zhihu.com/question/282457664/answer/3341709789
一个人长期独处心理会怎么样？,未知,0,不致命，就是会让人越来越容易“尬住”。 众所周知，心理治疗里有一种叫做“暴露疗法”的常用治疗方法， 简单而言就是直面恐惧——你害怕什么，我们就强制你去面对什么。比如你社恐，我们会就分强度等级地让你接触、融…,https://www.zhihu.com/question/559699801/answer/3339238722
男朋友因为打游戏骗我去睡觉被我识破，然后我提了分手，他同意了，问问男孩子们他怎么想的？,未知,0,很经典的情感案例。 题主一类的女生可能没有意识到一点： “分手”是一个相互的过程，当女方与男方分手时，男方其实也就被动和女方分手了， 不存在女方已经分手、男方还是女方男朋友的这种扭曲关系， 所以，如果两个人是真心相爱的话，“分手”这件事就是一把双刃剑， 这把双刃剑可以让男方痛哭流涕，甚至愿意放弃尊严求女方不要离开，也能让女方连续…,https://www.zhihu.com/question/467274543/answer/3318316852
有人敲门，开水开了，电话响了，孩子哭了，你先顾谁？,未知,0,上策：将时间轴有重合 但占用功能不重合的任务进行同步推进。 抱着孩子去关火，路上顺便向门的方向大喊一声“请稍等一下，我马上就来！” 然后用脖子夹着电话去开门。 中策：根据轻重缓急，有选择性地放弃部分任务。 先关火，避免火被浇灭后的煤气泄漏， 然后去看看孩子，看看是需要换尿布还是受伤了。 门外的客人先晾着，毕竟有要事找你的话，他一…,https://www.zhihu.com/question/463695772/answer/3307796449
心理咨询是服务有钱人的吗?,未知,0,别纠结了，你的直觉是对的。 这个问题下，很多从业者其实已经指出原因了，不过由于用词比较委婉，很多人没能看懂， 所以我干脆直接明说了： 目前的心理咨询行业，无限接近于传销。 在开始讲我的个人观点前，我想请大家思…,https://www.zhihu.com/question/603180205/answer/3298444554
为什么曾奇峰说，心理咨询就是让来访者找个合适的理由骗自己?,未知,0,读研时，我穷困潦倒，只能与别人合租， 室友是个女生，长相可爱， 和她混熟后，她经常抱怨原生家庭的影响，抱怨的频率之高、范围之广，经常让我大开眼界， 她让我第一次意识到，原来原生家庭的负面影响居然可以如此夸张…,https://www.zhihu.com/question/622004025/answer/3287266571
父母有点不懂社会黑暗，还有点圣母·善良·慈悲为怀·妇人之仁·道德，怎么办？,未知,0,永远记住一件事： 不要在具体的事上接受具体的指导。 生活很奇妙，有些试图指导你的人其实不仅没有能力指导你，也本该没有资格来指导你，但他们可以因为早出生几年就对你的整个人生规划指手画脚， 比如填高考志愿，很多人并没有读过大学，也不了解各个行业的真实情况，但他们可以很自然地建议你去学医、学法、考军校、公务员、当老师， 如果你问他们…,https://www.zhihu.com/question/525345637/answer/3280222528
如何比较“希望之花”、“无头学姐”和“2.5条悟”的炸裂程度？,未知,0,无头学姐： 诸葛丞相与司马懿进行了一系列明争暗斗，双方棋逢对手、互有胜负。 不过丞相时运不济，上方谷一场大雨浇灭了最后的一丝胜算，丞相死前感叹：“悠悠苍天，何薄于我？” 这种死亡结局从剧情和逻辑上都不存在问…,https://www.zhihu.com/question/624738910/answer/3278712222
社会上对「愚蠢」的容忍度越来越低了吗？你有「厌蠢症」吗？,未知,0,大三时，我所在的专业有一门机能学实验课程， 内容其实也很简单，无非是对小白鼠、兔子、牛蛙进行最基础的解剖，做一些基础的手术操作。 课程开始前，和我同组的女生们把小兔子像宝宝一样轮流抱在怀里，纷纷伸手摸它的毛，叽叽喳喳地讨论这只兔子有多乖，有多可爱。我也想抱一下这只兔子，也顺便检查一下它的状态，结果伸了半天手硬是没摸着。 过了…,https://www.zhihu.com/question/628786473/answer/3275549338
心理咨询师在倾听的时候睡着了，说明不敬业吗？,未知,0,不用纠结了，这就是咨询事故。 如果题主是和咨询师吵起来、甚至是打起来，我都还认为有解释的余地，(比如我以前就被躁狂相的患者追着打过)。但直接睡着就有点过分了，因为这涉及到最基本的尊重问题。 当然，我们也不能一棒子打死， 在一种特殊情况下，咨询师“睡着”还算是合理的——来访者阻抗过于强烈，强烈到不回答咨询师任何问题，甚至连一句…,https://www.zhihu.com/question/626980931/answer/3266679353
克苏鲁可以被卑微的人类召唤，那人类可以被蚂蚁召唤吗？,未知,0,当然可以。 想象一下，你在某次路过你家门口时，突然发现一群蚂蚁用亮晶晶的粉末画了一个圆形法阵，蚂蚁们还用自己的身体摆出了你名字的笔画， 智力最高的几个蚂蚁甚至还学会了发声，它们集体诵念你的名。 如果这种情况真的发生了，在座有几个人能按捺住自己的好奇心不去看一眼？ 看了十几分钟，好奇心得到满足，也拍了照发朋友圈后，你准备离开了，…,https://www.zhihu.com/question/621853865/answer/3263972389
二次元的「认妈文化」是如何形成的？,未知,0,很有趣的问题。 如果你经常关注国内二次元手游的新闻，你大概率会发现一个很有意思的现象： 任何二次元手游，上至米鹅大厂，下至小作坊，都有一个共同的最大雷点——角色的“单身”属性。 一旦角色拥有异性伴侣，或者哪…,https://www.zhihu.com/question/587339724/answer/3262829327
打孩子的时候孩子说『有种今天把我打死，等我长大了也这么打你』我该如何应对？,未知,0,打孩子的正确流程： 1.告知孩子即将挨打的原因。 在每次准备打孩子时，用逻辑清晰的语句告诉他：因为你做了什么，导致/可能导致什么后果，所以我现在要打你； 2.告诉孩子做好准备。 告诉他：我要准备开始打你了，不过你可以有10分钟时间准备一下。 在这10分钟里，你可以找我谈话，向我解释事情的原委，向我证明你做一些事的合理性， 如果你能…,https://www.zhihu.com/question/622315789/answer/3257597279
（高中生）大家早起都犯困吗？,未知,0,已经有很多知友指出当前教学制度的不合理性，所以我就不再画蛇添足了，毕竟也无力改变现实。 不过，为大家提供一个改善精神状态的方法，帮助大家适应这个长达三年的高压环境，我还是能尽一份力的。 这个方法将围绕咖啡…,https://www.zhihu.com/question/616587881/answer/3251993433
我因家庭等原因精神崩溃辍学多年，徘徊在自尽边缘，如今想通一些后想重新掌控人生，请老师们给些建议，谢谢？,未知,0,你可以做的事有很多，但现在，请好好休息，真正意义地休息，然后我们再来讨论一下你能做些什么。 在很长一段时间里，题主的生活基本只有两个组成元素了：最基础的生理需求，以及无休止的幻想。 幻想确实是一件很美好的事，它天然属于我们，且只属于我们，没有任何人能将它从我们的脑中和心中夺走。 但当幻想结束后，我们发现生活依然是一地鸡毛时，…,https://www.zhihu.com/question/622830374/answer/3242864667
为什么很多医生不乐意带实习医生？,未知,0,说实话，尽管互为同事，但我也很难理解某些医生的想法， 他们似乎总是热衷于把一件明明可以两全其美、各取所需的事弄得天怒人怨。 实习阶段，是一个医生一生中最窘迫的阶段，天天在医院值班打工就不说了，甚至还没有一分钱的收入（有的医院还要求学生交“实习费”，倒贴钱打工了属于是） 父母给的钱也只够交房租和生活费，日子每天过得紧巴巴的。 在…,https://www.zhihu.com/question/563651172/answer/3241476351
突然发现，孩子真的很平庸，难以接受，怎么办？,未知,0,很有趣的问题，而且也正是我最近在思考的问题。 在观察青春期孩子和父母的相处时，我经常注意到有父母会说：“我辛辛苦苦日夜操劳给你喂养大，你怎么长成这个样子了？” 但我很少听到有父母说：“我身体力行，言传身教…,https://www.zhihu.com/question/614199558/answer/3240070110
你见过的狠人有多绝?,未知,0,掉进化粪池的感觉其实很奇妙，没有想象中的恶臭，也不觉得恶心。 求生的欲望超过了一切， 嗅觉也好、味觉也好，甚至是听觉和痛觉都消失了，在生命之重面前，不重要的感知觉都在褪去， 一切的一切，都在为求生让位，所有不必要的耗能行为都被暂停，省出能量，化为生命潜力和生存意志。 这时的你会浑浑噩噩，你会觉得自己好像已经死了，但又好像还活着…,https://www.zhihu.com/question/538690869/answer/3220797317
孩子明明有班级名列前三名的头脑，但他总是不愿意主动学，导致偶尔会考成倒数前三名，怎么办？,未知,0,说句可能有点抱歉的话： 题主目前的思维方式，可能不太适合基础教育，尤其是对学龄期孩子的教育。 请不要误会，这并非是某种指责或者贬低，也并非是在刻意针对， 我只是单纯想阐述一个事实，这也是题主和其他所有不适合教育的家长都有一个共同特点： 他们缺乏对这个世界客观规律的认识与敬畏，对于超出自己理解范围的事，他们会用一种类似于宗教迷信…,https://www.zhihu.com/question/585553610/answer/3219419625
如何用“我”“喜欢”“你”造句？,未知,0,没有必要弯弯绕绕，这个世界的大多数人都很缺爱， 所以我就直说了： 我喜欢你。…,https://www.zhihu.com/question/618556158/answer/3216406904
如何看待游戏主播周淑怡发致歉信「接受批评，我现在的状态是单身」？,未知,0,这个问题其实很有意思。 无论是李佳琦也好，周淑怡也好，这些头部主播的心理都正处于一个极端矛盾的状态： 他们自认为自己有钱有势，是人上人，但他们发现在真正有钱有势的人眼里，他们只是小丑和玩物； 而人是会主动寻求自身意义的，不被“同阶层”的群体接纳，他们会下意识地想在不如他们的人那里追求价值感和存在感，但他们却惊讶地发现——即使…,https://www.zhihu.com/question/622203856/answer/3214620246
女婴输液后尖叫昏迷成脑萎缩，如何从医学角度解读该情况？,未知,0,头铁一回，从一个医生的角度谈谈我的看法吧。 有知友提到了炎琥宁，其实国内有意思的药不止炎琥宁——包括炎琥宁在内的很多中成药，都有一个有趣的特点： 医生在设计治疗方案时，很少直接单用它， 如果要用，一般是把它插进一个已经很完整的治疗方案里“锦上添花”。 以题目中的案例为例， 这位因“急性化脓性扁桃体炎”住院的小女孩，她的治疗方案和…,https://www.zhihu.com/question/621229079/answer/3212437431
我是一个完全不打游戏的人，客观上我承认有很多游戏很棒，但是我是真的很想知道：游戏带给你的成长是什么？,未知,0,我曾经也是一个混蛋， 一个自负的、自以为是的混蛋。 我曾自认为博览群书，认为自己很牛逼，我看休谟、笛卡尔，我能把理想国倒着背，我从弗洛伊德、荣格时代的书一直看到了班杜拉、皮亚杰、卡尼曼、斯金纳， 我觉得我的知识足以分析、理解、驳倒大多数人，所以我甚至曾跟一个刚经历丧父之痛的人谈论“弑父情节”并和他吵了起来，最后在他情绪崩溃的…,https://www.zhihu.com/question/618765536/answer/3209562367
短视频抢占现代人的集体注意力，是导致现今「ADHD」症状频发的原因么？,未知,0,这个问题很有意思， 先说结论：如果题主所指的“现代人”是8岁以下的现代人，并且每天除了短视频就没有其他的脑力活动了，那短视频确实有一定概率成为出现ADHD的病因， 我会从注意缺陷多动障碍（ADHD）的发病…,https://www.zhihu.com/question/619995673/answer/3209123815
06年的，看这些书什么水平?,未知,0,我还挺推荐题主提到的那本《心理学入门》的，建议大家上厕所时都带一本，一是可以通过看书打发时间， 二是如果你忘记带纸了，扯两页下来擦屁股还是很合适的——虽然该书的内容错漏百出，但纸质很柔。 书的水平很低，不过题主想问看这些书的自己是什么水平，那我还是想告诉他： 你其实很棒，很优秀，很不错，继续加油哦。 我没有在说反话，也不是在阴…,https://www.zhihu.com/question/590486657/answer/3200742460
你最喜欢游戏《崩坏：星穹铁道》中哪位角色？,未知,0,一对随处可见的NPC，很多人或许已经忘记他们的名字了， 男生叫洛奇，女生叫莱斯莉。 他们都没有特殊的建模，也没有细致入微的背景设定，无非是一对再普通不过的NPC， 洛奇是个普通科员，长相、能力平平无奇，一混入人群便如石沉大海，再也找不见。只有写诗时才偶尔流露出沉静和忧郁，让他稍微与众不同， 莱斯莉是个很优秀的女生，是科室的王牌…,https://www.zhihu.com/question/597910325/answer/3082087718
在生活中该如何判断一个人有没有说谎？,未知,0,很有趣的问题。 在鉴谎方面，走在国内研究一线的是华东政法大学和中国政法大学，我很乐意将学术界目前的研究进展和我个人的研究结果分享给你， 不过在开始之前，我想请你先思考一个问题： 假如让你对一个人进行鉴谎，你…,https://www.zhihu.com/question/600933142/answer/3066112068
网上都有哪些天才智慧美少女？,未知,0,我。…,https://www.zhihu.com/question/528590644/answer/3041219096
有哪些让你目瞪口呆的 Bug ？,未知,0,成都有个监狱情况比较特殊，关押的基本全是重犯，而且还都是经济犯和政治犯， 他们以前都是一方大佬，在自己的一亩三分地翻手为云覆手为雨，无非是不小心中箭落马或帮老大顶锅才进监狱， 所以即使进来了，他们依然保持…,https://www.zhihu.com/question/21747929/answer/3016127336
地狱是什么样子的？,未知,0,这是四川射洪的某处精神病院，建在乡下，是我医生生涯开始的地方。 上面两张照片，已经是近两年翻修后的成果了，最近故地重游时才拍下， 我去的时候那里还没有红砖墙，没有娱乐设备，没有那么多专业医生， 只有通电的铁…,https://www.zhihu.com/question/29286533/answer/2999907292
女生如何看待“雌小鬼”？,未知,0,如果你愿意点开某部雌小鬼本子的评论区，你会发现一个有趣的现象： 大家几乎很少讨论女主，讨论焦点一般集中在剧情上。 这种现象其实很反常，因为大部分人来某些app找本子看时，同时也是迫切需要解决生理需求时， 在…,https://www.zhihu.com/question/593075401/answer/2993960083
有些人想要结束自己的生命，不愿意继续活下去，这是为什么？,未知,0,昨晚差点就有病人自杀成功了， 大概凌晨1点的时候，患者把自己的文胸取下，牢牢地绑在窗户的把手上，然后把脖子套进去，拼命地拉扯， 等被同病房的病友发现并救下时，她的脸已经一片青紫，几乎快要窒息。 她是一位精神…,https://www.zhihu.com/question/483156948/answer/2989251466
拖延症的本质是什么？为什么不由自主的想拖延，怎样避免？,未知,0,其实你一直都知道答案。 我们的初中物理课其实教给我们了一条很重要的定理，它阐述了物质运行和发展的最基本的、最重要的规律， 甚至包括马哲在内的很多哲学流派，部分关键理论也只是这条理论的衍生， 在学习和思考我自己领域的专业知识时，我也无时无刻不感受着它的存在。 遗憾的是：我们的教育方式让我们只会用它解题，却没有发现它时刻左右着我们…,https://www.zhihu.com/question/283137567/answer/2982393061
工作压力大，无法逃离，感觉每天胃很难受，心闷气，是抑郁了吗？,未知,0,这个问题其实很有意思，也特别有价值， 题主的症状很典型，临床上也有相当多的患者感到自己的某些脏器很不适，但去相应科室检查后，却几乎检查不出有效的结果， 造成他们不适的，似乎不是生理上的因素。 我们不妨来讨论…,https://www.zhihu.com/question/561740984/answer/2978428511
为什么年轻人越来越不愿意奉承领导了？,未知,0,每次看到有人分享自己奉承领导的经验，并大肆强调讨好领导的重要性时，我都会思考一个问题： 与其老老实实地等领导来PUA我们，我们为什么不整点骚操作，反向PUA一下我们的领导呢？ 当然，这是一项庞大的学习任务…,https://www.zhihu.com/question/559709600/answer/2976816617
女子被父母强制考公 5 年患精神分裂，考公屡战屡败你还会坚持吗?父母会干涉你的职业选择吗?,未知,0,受不了题主这极具诱导性的起标题方式了（捂脸） 根据家属的描述，这件事与其说是“女子考公失败导致精神分裂症”，更准确的说法应该是： 精神分裂症患者被迫连续多年考公，上岸失败后症状剧烈加重。 这个女生是本身就患有精神分裂症的，连年考公的失败是她症状爆发的诱因，但不是根本原因。事实上，只要父母不同意她去医院接受治疗，就算她不考公、…,https://www.zhihu.com/question/594150044/answer/2973380962
老婆割腕7刀 我看了没什么感觉 给她贴好创可贴止血后 点了一人份的麦当劳 自己吃了 我应该尽责了吧?,未知,0,在医院呆了多年，见证了很多危重病人生命中的最后时光，我最大的感受就是： 当苦难成为了一种常态时，悲伤将变得毫无意义。 我印象最深的是19年左右的一次会诊， 住院的是一位老人，68岁，儿女双全，丈夫早逝。除了糖尿病，她本无任何疾病，按理来说是不至于住院的，但她的健康状况在最近两天急剧恶化，最后直接休克倒地，被路人送入医院， 她刚…,https://www.zhihu.com/question/592103979/answer/2969657789
NTR的本质是什么?,未知,0,NTR、绿帽癖看似是对我们人格尊严的一种损害，因为没人会希望自己被带绿帽子， 但实际上，NTR其实是我们内心欲望的一种满足，它会为我们带来难以言喻的安心感。 先给大家讲个我最近遇到的趣事吧。 有一位住院的小…,https://www.zhihu.com/question/559515666/answer/2963962635
「季节性情感障碍」的说法有科学依据吗？,未知,0,已经有答主从心理学角度分析了这个现象，那我就从我个人的研究方向出发，从神经生理学的角度来解释这个现象的成因。 不过在开始之前，我必须指出一点： 根据目前的相关研究进展而言，题主的问题描述其实存在着一些很常…,https://www.zhihu.com/question/31342245/answer/2960475539
每天很忙，但是工作效率低下，怎么破？,未知,0,这个问题很有意思，而且还真被详细研究过， 先说结论： 绝大部分工作、学习效率低下的人，都存在着以下两个特点： 1.他们在工作、学习过程中，对认知资源的分配方式存在很大的问题，这种分配方式直接导致他们的思维和…,https://www.zhihu.com/question/30522520/answer/2959283735
出于安眠目的服用褪黑色素对身体有何影响？,未知,0,本来只是随手搜了一下褪黑素，结果发现除了极个别的回答比较靠谱，“褪黑素”的相关问题下简直堪称群魔乱舞（捂脸）。 我大致能猜到大家是带着怎样的期待来搜索“褪黑素”的，所以，我现将”褪黑素”相关知识总结成以下五个问题： 1.所谓的“褪黑素”，实际上的有效成分是什么？（这个问题属于重灾区） 2.它有哪些作用，又通过什么药理机制来发…,https://www.zhihu.com/question/26451106/answer/2957050135
编造黄谣与编造其它谣言在动机上有什么不同？造黄谣出于什么心理，是一种疾病吗？,未知,0,这个问题其实特别有意思。 你很可能曾注意过一个有趣的现象： 人们似乎很喜欢用性功能的强弱来评价一个人的品德。 而有意思的是： 同样是对某个人的抹黑和贬低，如果人们想抹黑一个男生，那他们往往会指责男生的性功能很弱，比如阳痿， 如果想人们想抹黑一个女生，那他们往往会造谣说她的性功能过强，比如淫荡。 我们很少会去指责一个男生的性欲过强，…,https://www.zhihu.com/question/591500010/answer/2953867798
为什么小时候缺爱的孩子，长大后很难幸福？,未知,0,这个问题很有意思，而且答案可能比我们想象中的更加简单，也比想象中的更加有趣。 我们不妨从一个看似无关的角度切入： 你或许见过很害怕在公众面前发言的人（当然，有可能你自己就是），每次需要他当着全班学生的面、同事的面发言时，他都会异常紧张，语无伦次，有时连提前背过的稿子都记不清了， 最后，他的公开演讲往往以失败告终。 对于这种现象…,https://www.zhihu.com/question/583464574/answer/2951304024
什么样的心理陷阱束缚了我们？,未知,0,不出意外的话，你大概率出现过这样一种心理： 某天，你因为种种意外做了一件很蠢很滑稽的事，惹得你周围的一众人等都在笑话你。 你深感羞愧，巴不得找个地方钻进去。到了晚上睡觉时，你发现自己根本无法睡着，只要你一…,https://www.zhihu.com/question/38026776/answer/2946270595
原来欺凌过我的人跳楼重伤，我情绪很复杂，怎么办？,未知,0,这个问题很有意思。 小题主是个很棒的孩子，她内心敏感而坚强，不过她的描述有一点点混乱， 根据小题主的描述，我大致将困扰她的问题总结如下： 1.跟一个霸凌过自己的人共情，这种行为和心态矛盾吗？ 2.这种心态的成因是什么，我们为什么会想要跟霸凌者共情？ 在开始之前，我想先告诉大家一件事实： 我们无法与和自己毫无共通之处的人共情。 比如你…,https://www.zhihu.com/question/589851289/answer/2942586647
怎么面对父母的打击式教育？,未知,0,绝大部分父母的本意其实还是很好的：他们想通过打击教育使孩子受挫，进而让孩子激起一种反抗心理和斗志，然后为了证明自己而更加努力的学习，成为一匹闪耀的黑马。 这种教育方式其实有一定的合理性，运用恰当的话也会…,https://www.zhihu.com/question/47778659/answer/2940388693
为什么一个乖乖女总会吸引渣男？,未知,0,这其实是一个很有意思的心理学问题。 如果不出意外的话，题主描述的那位女生的原生家庭里，大概率没有一位合格的父亲角色。 给大家讲一个我在咨询时遇到的个案吧。（已经过当事人授权同意） 来访者是一名大三女生，20岁，属于题主这类人的典型，从高中开始，每一段感情都因男友的劈腿而告终。 灰色幽默的是，她的每次分手似乎都是同一个模板：在前…,https://www.zhihu.com/question/266981746/answer/2937269612
为什么有的人永远都学不好数学？,未知,0,（对神经科学机制和推理过程不感兴趣的朋友，可以直接跳到文章末尾看总结和方法论哦） 以前一直流行着一种说法：数学不好的人，并非是他不够努力，而是他天生就不适合学习数学。 这种说法其实有一定的道理，比如我们大…,https://www.zhihu.com/question/296093318/answer/2934572218
我说抑郁症都是我妈害的，她让我从楼上跳下去的做法对吗？,未知,0,这个问题其实很有意思，因为相当多的家庭里，似乎都存在着这样一个角色： 他对外人极端尊敬、客气、甚至是讨好，对客人们总是笑脸相迎， 但在面对家人时，他们却甚至不愿意多夸一句、多鼓励一下，总是整天板着个脸。 他们愿意把自己最好的一面展现给外人，却把最坏的一面留给身边的亲人。 这个现象似乎很反直觉，因为按理来说，我们应该是爱朝夕相处…,https://www.zhihu.com/question/587340687/answer/2931885212
报告显示青年群体更希望提早退休，高学历人士期待更晚退休，反映出哪些社会心理？准备多少钱可才能退休养老？,未知,0,感谢致知计划的邀请。 这个问题其实涉及到一个特别有趣的心理现象： 一个人的社会地位越高，他的工作幸福感往往越高，而工作幸福感与他愿意工作的时长是成正比的[1]， 也就是说，一个人的工作时长，很大程度上取决于…,https://www.zhihu.com/question/588518676/answer/2929014803
你能告诉我一些有趣的心理学事实吗？,未知,0,当你试图和几位对手竞争同一个岗位时，如果你们实力和条件相近，但你依然想从中脱颖而出，成为竞争的胜利者， 那除了提升自身的硬实力，其实还有一个另辟蹊径的方法供你参考： 不再局限于与竞争对手的勾心斗角，而是从…,https://www.zhihu.com/question/342539887/answer/2928330561
为什么杀心成焚看上去是个没什么成就的小混混，却让人喜欢?,未知,0,我们无法与和自己毫无共通之处的人共情， 比如你在街头看到一个陌生乞丐向你要饭时，你会可怜他、同情他，但你基本不会跟他共情， 但当你在街上闲逛时，突然注意到了你曾经的室友、同学、好友，他衣衫褴褛，骨瘦如柴，…,https://www.zhihu.com/question/529613992/answer/2925171085
如何判断身边的朋友是否嫉妒你？,未知,0,这个问题其实很有意思，而且还真被严肃研究过， 先说结论：如果你想判断身边的朋友是否容易对你产生嫉妒， 可以观察你朋友的行为模式，看他的行为模式属于低水平绩效证明目标导向，还是高水平绩效证明目标导向，进而进…,https://www.zhihu.com/question/54633574/answer/2922176510
到底接吻跟爱有没有关系？,未知,0,这个问题其实特别有趣，因为题主虽然问的是“接吻跟爱有没有关系”，但她内心深处真正的疑惑其实是： 肉体依恋与爱情之间，是否存在着必然联系？ 或者我们换个说法： 两个人之间，真的可以纯粹依靠精神层面的共鸣，来维…,https://www.zhihu.com/question/576775499/answer/2919902468
为什么现在会有“上岸第一剑，先斩意中人”这种普遍现象呢？,未知,0,这个问题其实特别有意思，我们不妨把它描述得更具体一点： 为什么已经上岸、正在上岸的人，会刻意去追求一种“单身”状态？ 我相信，绝大多数人的第一反应是： 一般情况下，能结为情侣的双方，综合条件或许有差距，但不会相差特别大， 而上岸，通常意味着其中一方发生阶级跃迁，和另一方已经不在同一个层次上了。门不当户不对的感情，结束只是时间问…,https://www.zhihu.com/question/577722969/answer/2917808134
人为什么会对未知的事物产生恐惧？,未知,0,大二的时候，我和5位同学约定一起假期实习，由一位学长带队， 临行前一周，学长组织我们玩了一个游戏，大致内容是：学长把自己的个人信息和过往经历记录在纸上，然后分成五等份，分别交给除他之外的其他5个人， 大家根据自己手中的信息，分别说说自己对学长的印象，说的最准确最详细的人获胜。 这个游戏的初衷很好，让大家熟悉带队学长，方便沟通…,https://www.zhihu.com/question/37009657/answer/2916421249
为什么我的母亲从来都不快乐，而且总是轻而易举的夺走全家人的快乐?,未知,0,这个问题其实很有意思， 你或许曾注意到过这样一个现象： 老一辈的人，似乎特别喜欢“自虐”，然后用“自虐”的成果来彰显她的伟大，最后用她的“伟大”来指责你。 比如同样是节约用水， 如果是正在看这篇文章的你，会做出的行为无非是避免浪费、及时关水，宗旨是“该用就用，该省就省”， 但我亲眼见过一个老人的用水流程： 她把洗脸刷牙后的水用来洗…,https://www.zhihu.com/question/514446133/answer/2913281844
大家怎么克制自己的消费冲动？,未知,0,这个问题其实很有意思， 我们不妨反向思考一下： 为了让你多花钱、更愿意掏钱，商家在布局商场时，会不会做了某些心理暗示？ 你在逛超市或者刷某宝时，或许曾注意到过一个现象： 商家在货架上铺货时，经常会故意把同类产…,https://www.zhihu.com/question/20611358/answer/2911801131
15 岁以下抑郁症患者 3 年涨 3 倍多，哪些原因导致的？哪些信息值得关注？,未知,0,或许，这是我离进大学教材最近的一次。 大二那年，我去了贵州某精神专科医院见习。 医院位置偏僻，几乎与世隔绝，在那片狭窄的小天地里，我只和其中一个少年勉强还能聊几句。 少年16岁，只读了初中，是个木工，白天在离村不远的木材加工厂帮忙， 他说他最喜欢看的电影是《列宁在1918》，他说他长大后也要出去闯荡， 他当时满腔热血，心里装着梦…,https://www.zhihu.com/question/585559272/answer/2910454232
抗抑郁药的副作用有多厉害?,未知,0,观前须知： 以下内容中，副作用的强烈程度用“无”、“弱阳性”、“阳性”、“强阳性”表示，即“0”“+”“++”“+++” 0：无相关不良反应 +：有相关不良反应，但并不明显 ++：有较明显的相关不良反应 +++：相关不良反应很明显 举例：氯丙嗪——体重增加++，说明服药氯丙嗪后，可能会出现较为明显的体重增加现象 正文： 1.第一代抗精…,https://www.zhihu.com/question/454098027/answer/2908850238
妈妈为提高女儿成绩将抗抑郁药物换成维生素，如何看待此事？还有哪些细节值得关注？,未知,0,要不是女孩还活着，我差点以为她是我的病人。 自从入行以来，我总是能注意到这样一个现象： 有一部分人，他们似乎天生就对“停药”有种特殊的执念，总是试图把药擅自停掉，尽管需要吃药的人甚至都不是他自己。 最近的一次就发生在上个月，我给一名初三的小姑娘开了三种药，姑且就称为药A、药B、药C吧。 家长在百度上查了一下，发现药A和药B有一…,https://www.zhihu.com/question/585555936/answer/2907324363
据报告，50% 的抑郁症患者为在校学生，青少年抑郁症患病率已达 15~20%，如何关注青少年心理健康？,未知,0,学生群体所面对的现状其实很矛盾： 我们都知道，高中及以下的绝大部分学生，其实是没有足够的能力来管理自己的心理健康的，所以家长和老师应该承担起相应的责任， 但问题在于——由于工作压力和生活压力，家长和老师们…,https://www.zhihu.com/question/585555768/answer/2907068615
因过于关注细节、追求完美而导致做事拖延、效率低，怎么办？,未知,0,这个问题很有意思。 以前有一种固有观念认为：拖延者往往是出于懒惰，不想立刻做完某件事，或者因为无知，不知道这件事的重要性，所以才一直拖拖拉拉，不愿意直面工作和学习。 不过现在，各位根据自己的亲身经历，可能…,https://www.zhihu.com/question/22763168/answer/2906282257
从什么时候你开始不相信心理学？,未知,0,说来惭愧。 关于一个人的“性格”是如何形成的，相信大家都有自己的见解，心理学的各个学派也有各自的理论体系， 比如知乎曾有一个问题，它试图探讨“冷漠性格”的成因，问题下各个学派的大佬也各抒己见： 精神分析学派…,https://www.zhihu.com/question/504674362/answer/2904295052
我女儿不肯去上学，被我说几句自杀了是为什么??,未知,0,看完题主通篇的辩解和哭诉，其实我很想问题主一个问题： 你说你的女儿死得“毫无理由”、“莫名其妙”，你自己相信吗？ 题主的语言组织能力不好，而且处处在为自己开脱，那我们不妨先把题主描述中，所含有的全部主观感情和想法都去掉，只留下事实，看看题主女儿生前的生活状态： 题主女儿，14岁，温顺听话，直到初二前，成绩一直维持在年级第一。…,https://www.zhihu.com/question/584764841/answer/2901259154
你的知乎为什么叫现在这个名字？,未知,0,因为《小王子》这本书。 《小王子》的主线，其实就是小王子学会面对孤独，逐渐成长，学会怎样去爱，为自己的不可得之物而困扰一生。 小王子很孤独。 小王子爬上了高山，他站在峰顶一眼就能看到地球上所有的人，他向世…,https://www.zhihu.com/question/26881882/answer/2900661985
如何侧写（Profile）？或者说，如何不通过语言，仅通过观察获取一个人尽可能多的信息？,未知,0,这个问题很有趣，也很有意义， 我很乐意为你写一个详细的心理学画像教程，不过在开始之前，我还是想先请你思考一个问题： 你觉得心理学画像是什么？ 或者我们说得更专业一点： 你觉得侧写是什么？ 我知道，在座的绝大部分人可能会说： 侧写，即侧写者通过当事人的各种行为学信息和心理学信息，推测出当事人的具体特征，并将各种特征总结成心理学画像。…,https://www.zhihu.com/question/19979478/answer/2899797800
女生为什么总是被造黄谣?,未知,0,这个问题其实特别有意思。 你很可能曾注意过一个有趣的现象： 人们似乎很喜欢用性功能的强弱来评价一个人的品德。 而有趣的是： 同样是对某个人的抹黑和贬低，如果人们想抹黑一个男生，那他们往往会指责男生的性功能很弱，比如阳痿， 如果想人们想抹黑一个女生，那他们往往会造谣说她的性功能过强，比如淫荡。 我们很少会去指责一个男生的性欲过强，也…,https://www.zhihu.com/question/578342113/answer/2898270355
为什么看了很多心理学书籍，还是摆脱不了原生家庭的影响？,未知,0,答案其实特别简单，也特别有意思： 因为基础心理学和应用心理学，其实完全是两个不同的学科， 而你在市面上能买到的书，有一本算一本，基本全是基础心理学。 不知道各位有没有看过《三体》，不过没看过也没关系，里面有一段情节是这样的： 因为某种超出人类理解的干扰，人类的物理理论全部失效，“物理学不存在了”。 于是，专注于研究物理理论的基础…,https://www.zhihu.com/question/582728264/answer/2897442728
为什么好多年轻人都存不下钱？,未知,0,我想反向答下题，因为我存住钱了。 去年年底，同事的家人生病了，要做手术，急用钱， 在他刚开始到处筹款的那段时间，我就直接借了5万给他，结果后来他东借西借，还是没凑够，我就又转了5万过去。 他收到款时手都在抖…,https://www.zhihu.com/question/329037289/answer/2896907979
国内青少年阶段的「校园暴力」是否普遍，程度如何，有没有相关研究？,未知,0,这个问题很有意思。 探究校园暴力的原因，本质上是在探究青少年攻击行为频发的原因，这也正好是我的主要研究方向之一。 （对论证过程不感兴趣的朋友，可以直接跳到文章末尾哦） 在我个人从事的一项研究中，我曾注意到过…,https://www.zhihu.com/question/41118048/answer/2896514424
「网暴刘学州案」进行庭前信息核验，舅妈称「那些人至今未道歉」，最终判决将如何？面对网络暴力该如何应对？,未知,0,从某种角度来看，这个孩子其实不是自杀的——杀死他的人是他的亲生父亲，他的亲生母亲，以及某些吃人血馒头的自媒体。 我一直很想找个机会，为大家剖析一下未成年人自杀的心理过程， 刘学州其实是个很典型的自杀案例，其象征意义，几乎可以涵盖很大一部分的冲动性自杀，那我们不妨以此为例。 我们经常会发现：同样是自杀，但相比成年人，未成年人的…,https://www.zhihu.com/question/583734429/answer/2893474795
怎么才能娶到赵泠？,未知,0,这个问题很有意思。 要想娶一个人，起码要了解这个人吧？那我们不妨对赵泠进行一次心理学画像，或者说得更专业一点： 我们来对她进行一次侧写。 （对侧写过程不感兴趣的朋友，可以跳到文章末尾） 当然，有些路过的朋友可…,https://www.zhihu.com/question/451548282/answer/2892768366
[求助]我大概是个怀疑主义者，现在大概是陷入了悲观主义和虚无主义的境地，非常消极，该怎么办？,未知,0,读研期间，按时拷问可爱学妹，是我每天最大的乐趣之一。 学妹是本科部的，18岁，当时还在读大一，正是中二病高发期，看完《楚门的世界》后陷入了深刻的怀疑。 刚开始那段时间，她只是看到学校花园的绿植时，会暗中揣测那些花草会不会其实是假的，只不过视觉效果很真。只要自己花时间去细看，一定能看出端倪， 一段时间后，她开始怀疑自己的行为。…,https://www.zhihu.com/question/308515500/answer/2891178404
你发现过你家狗子的什么秘密？,未知,0,有段时间我过得很艰难，在医院被患者家属碰瓷；被安排了某些工作，也被领导莫名其妙地跳到deadline。 那段时间里，我一回家就只想颓废地躺在沙发上，感到莫名的烦躁和悲伤。 大黑狗会很小心地凑过来，把爪子轻轻搭在我的膝盖上，黑猫跳上沙发扒拉我的衣袖。 我当时以为它们只是馋嘴了，来讨吃的，又或者是猫砂被用完了，需要我去换。 于是我…,https://www.zhihu.com/question/573225116/answer/2889797287
一个天天把自杀摆在嘴边的人真的会自杀吗？,未知,0,可能是受影视作品的影响，很多人觉得“永别”之前，一定会有一场歇斯底里的争吵，一定有一次轰轰烈烈的告别，一定有一场一哭二闹三上吊的闹剧， 可其实不是的。 因为悲伤和愤怒其实并不是一件坏事，如果你会对一件事感到悲伤和愤怒，恰恰说明你还对这件事在意， 因为在意，所以你希望它变得好起来，因为它没有好起来，所以你才会感到悲伤， 同理，如…,https://www.zhihu.com/question/460735340/answer/2889423596
家长没车真的很丢人吗?,未知,0,这个问题很有意思。 昨天下午，我接诊了一位14岁的男生，他的情况和这个问题不完全相同，但本质上极为相似。 男生出生在一个小城镇，父母在当地经营着一个家具店，收入可观。在家具的制作和搬运过程中，时常会出现一些废料，比如多余的木板、硬纸板。 东西一多就碍事，于是父母提议：让孩子推着三轮车去卖废品，卖废品所得皆为他的零花钱。 这似乎…,https://www.zhihu.com/question/550405596/answer/2888012365
如何看待13岁男孩因体育考试18分被父亲用武士刀刺死，其父亲说“我只是想吓唬吓唬他”？,未知,0,武士刀只是表象，就算没有武士刀， 菜刀、水果刀、烟灰缸，它们都能变成武士刀。 我一直很想找个机会，为大家剖析一下“家暴”背后所潜藏的心理机制， 正好最近发生了这一幕悲剧，那我们不妨以此为例。 虽然根据新闻里这位父亲的描述，这件事的全程是： “当时我太生气了，拿起刀只是想吓唬一下孩子，但没想到却把他刺死了”， 但当我们把浮于表面的表…,https://www.zhihu.com/question/582678991/answer/2884483923
你有没有感觉人间才是地狱？,未知,0,这是四川射洪的某处精神病院，建在乡下，是我医生生涯开始的地方。 上面两张照片，已经是近两年翻修后的成果了，最近故地重游时才拍下， 我去的时候那里还没有红砖墙，没有娱乐设备，没有那么多专业医生， 只有通电的铁…,https://www.zhihu.com/question/420428840/answer/2882833443
如果你的辅导员掉水里了，你所学的专业能做什么？,未知,0,辅导员（拼命挣扎）：救命啊！！！咕噜咕噜咕噜... 我：哦？从你的语气里，我似乎感受到了某种焦虑，你可以描述一下你现在的感受吗？ 辅导员：别他妈废话了，快把我拉起来！咕噜咕噜咕噜... 我：你似乎格外强调“快”这个字？你觉得我的快慢，或者我的准时与否，会对你造成什么影响吗？ 辅导员：快把我拉起来，艹，我快不能呼吸了...咕噜咕…,https://www.zhihu.com/question/59409967/answer/2882550019
有哪些中国人特有的心理现象？,未知,0,大家或许曾注意到过一个特别有意思的现象： 我们身边存在着很多习俗，这些习俗通常是由身边的长辈教给我们的，但如果你细问他们这些习俗的实际意义，可能他们自己也说不出个所以然来。 而众所周知，中国人自古以来都是实用主义者，一件事物如果能经过上千年的时间洗礼而传承下来，那除了玄之又玄的仪式感，一定是具有某些实际意义的。 从这个角度思…,https://www.zhihu.com/question/346966980/answer/2881608865
《胡鑫宇请给心理指导师五分钟》一文为什么引起了争议？对青少年更好的心理指导应该是怎样的？,未知,0,我差点以为这封信是我写的。 19年左右，成都中学生自杀率再创新高，负责外宣的领导认为蹭热点的时候到了，准备大展身手，发一篇文章在网络上造势。 领导的几个御用笔杆子不敢接，认为此事专业性过高，还是交给专业科室的同事为妙， （说白了，就是怕背锅） 一轮轮击鼓传花后，这口黑锅严严实实地扣在了我的头上。 没办法，写吧。 众所周知，每个精神…,https://www.zhihu.com/question/582102554/answer/2879806309
23岁对《英雄联盟》真的算大吗？,未知,0,这个问题其实特别有意思。 我从开始从业到目前为止，见过不下15个和题主类似的少年， 他们都没有精神疾病，甚至没有心理问题，但还是被家属扭送进我们科室进行治疗，理由是“戒除网瘾”。 当然，我并不会对这些少年进行强制治疗，不过我依然通过聊天去了解他们的心态，发现他们在某些方面出现了惊人的一致： 他们和题主一样，都有一种很纠结的心理…,https://www.zhihu.com/question/576110991/answer/2878170175
身边有人轻生了是什么感受？,未知,0,高中的时候，我被一个同性喜欢，她的妈妈知道了，经常跑到学校里来闹，但她不知道我在哪个班。 我们学校每周星期一都要在操场上举行升旗仪式，她的妈妈又来了。她走上升旗台，用话筒喊我的名字，骂我婊子，耽误她女儿，说了很多不好听的话。 女生后来每次见到我，都拉着我的手跪下来哭，说对不起，对不起。我怎么拉都拉不起来。 我其实并不在意流言…,https://www.zhihu.com/question/359253187/answer/2875759784
胡鑫宇案过后，面对学生的不良心理状态，学校如何监测并加以疏导？,未知,0,我一直很想找个机会，为大家剖析一下厌学心理背后的本质， 很巧的是，昨天我正好接诊了一位高一学生，他的情况和胡鑫宇高度相似，我们不妨就以此为例。 他和胡鑫宇一样，生活在一个标准的留守儿童式家庭，父母均外出务工。收入不算太低，但也只是刚好维持生活。 他就读于一所私立学校，学费高昂（于他们的家庭条件而言）。 当时我刚结束完一例门诊，…,https://www.zhihu.com/question/581813336/answer/2875002370
胡某宇事件新闻发布会 2 月 2 日召开，当地将发布胡某宇事件最新调查情况，哪些信息值得关注？,未知,0,很多家长并没有意识到这一点： 当他们的孩子不仅各方面能比较正常地发展，甚至在某些方面还能透露出一股机灵劲时，其实就是一件相当值得感激的事了。 我们不妨开个脑洞，设想一下以下情况： 假如孩子在出生之前，可以自由选择让谁来当自己的父母，父母也可以自由选择让谁来当自己的孩子，会发生什么呢？ 我们会发现这样一个现象： 天资优异的孩子总是…,https://www.zhihu.com/question/581719864/answer/2872795592
失踪 106 天后，胡鑫宇遗体在学校附近被发现，哪些信息值得关注?,未知,0,不出意外的话，你的身边可能已经在流行这种说法了: 胡鑫宇这个孩子太自私了，他难道不知道自己的死会对父母造成多大的伤害吗？ 说出这种话的人，他们的思路是这样的: 胡鑫宇的生命并不属于自己，而是属于他的父母，因为父母给了他生命，还花钱花时间养活他。 他们感到惊讶，因为胡鑫宇居然敢擅自处理不属于自己的东西？！ 那么，胡鑫宇知道他的死会…,https://www.zhihu.com/question/581071124/answer/2869193482
怎么识别一个人是不是有抑郁症以及抑郁的程度？,未知,0,如果你身边有人处于高抑郁风险中，可你又没有足够的检测手段，其实有一种简单但相对有效的方法可以为你提供参考： 观察他的非自杀性自伤行为的频率和程度。（不想看论证过程的小伙伴，可以直接跳到文章末尾哦） 非自杀…,https://www.zhihu.com/question/267879501/answer/2857098926
怎么判断一个人是装抑郁还是真抑郁？,未知,0,如果你身边有人处于高抑郁风险中，可你又没有足够的检测手段，其实有一种简单但相对有效的方法可以为你提供参考： 观察他的非自杀性自伤行为的频率和程度。（不想看论证过程的小伙伴，可以直接跳到文章末尾哦） 非自杀…,https://www.zhihu.com/question/386317402/answer/2857098286
人类为什么会进化出心理疾病？,未知,0,给大家提供一个特别有趣的思路：心理疾病确实是进化的产物，它在某个特定的时期能起到积极作用，但对于现在这个时代，已经属于落后于时代的进化糟粕。 可能有点抽象，我们可以举个简单的例子： 我们中的绝大部分人都有一个“容易囤积脂肪”的性状。我们摄入了糖分后，除了一部分用于供能与合成糖原外，大部分总是用于合成脂肪。这个性状在以前那段…,https://www.zhihu.com/question/273442798/answer/2856144980
原神钟离是姓钟名离还是就叫钟离？,未知,0,去查了一下文献，现将资料总结如下： 1.钟离是姓还是名？ 答：姓 2.“钟离”和“钟”是一个姓吗？ 答：是，但又不完全是。 钟离姓和钟姓，虽然字不同，但本为同根生，均起源于春秋时期宋国的贵族。而宋国灭国后，贵族的后代们分居各地，定居今安徽省凤阳县一带的人姓“钟离”，而定居于颍川一带的人姓“钟”。 3.“钟离”姓的起源是怎样的？ 学术…,https://www.zhihu.com/question/468282171/answer/2853980568
背单词时该不该听音乐？,未知,0,这个问题很有意思，而且还真被学术界详细研究过。 先说结论： 1.如果你在记忆中文文章，可以适当听中文歌词的音乐或无歌词的纯音乐，但最好不要听英语等其他语言歌词的音乐； 2.如果你在记忆英语单词，可以适当听英…,https://www.zhihu.com/question/292353949/answer/2852160841
听着音乐背书是不是可以提高记忆效率？,未知,0,这个问题很有意思，而且还真被学术界详细研究过。 先说结论： 1.如果你在记忆中文文章，可以适当听中文歌词的音乐或无歌词的纯音乐，但最好不要听英语等其他语言歌词的音乐； 2.如果你在记忆英语单词，可以适当听英…,https://www.zhihu.com/question/53699697/answer/2852159946
怎么看出一个人有自杀前兆？,未知,0,众所周知，抑郁症患者家属最高兴的时候，往往是我们精神科医生最害怕的时候。 病情缓解后，家属当然会很高兴，因为在家属视角里，孩子自从得了重度抑郁症后，别说去学校学习了，他直接连床都不想下了。以前爱玩的游戏也不玩了，甚至连吃饭都吃不进去，做了他以前最爱吃的菜，最多也就吃一小口。 可自从来医院接受治疗后，孩子的情况好多了，愿意下…,https://www.zhihu.com/question/466686234/answer/2850992124
自己带孩子，还是交给父母带？,未知,0,其实这个的问题还真被心理学严肃研究过。 先说结论：建议自己带孩子。 目前已经有充分的研究表明，在母子依恋程度不够的情况下，祖孙依恋并不能对幼儿的社会−情绪性发展起到弥补作用 。 社会−情绪性发展：指孩子的…,https://www.zhihu.com/question/20647050/answer/2850934423
你觉得爱情和婚姻 真的有缘分这一说么？,未知,0,我曾经真的以为，死亡是离我这代人很遥远的事。 毕竟二十多岁，正当壮年。可自从大学毕业之后，总是陆续传来同学过世的消息。 有出车祸的，有突发心脏疾病的，有酒精中毒的。 有个名字很熟悉，他当年和我一起勾肩搭背着下黑网吧，我在旁边玩炫舞和偷菜，他在旁边打CF。 这些事仿佛就发生在昨天。 没人知道具体经过是怎么样的。沉寂已久的同学群突然…,https://www.zhihu.com/question/46364593/answer/2847913988
孟川在《答案奇遇夜》上称，年轻人省钱不如挣钱，到底是省钱重要还是挣钱重要？,未知,0,告诉大家一个很恐怖但又很无奈的事实：当你在纠结该省钱还是赚钱时，其实你已经被预判了会去狠狠地报复性消费了。你没有去报复性消费，很可能是因为你身边死的人还不够多。 大家可能都以为“开放”是最近几个月的事情…,https://www.zhihu.com/question/578481398/answer/2846498341
疫情政策放松了，你想出去报复消费吗？,未知,0,告诉大家一个很恐怖但又很无奈的事实：你没有去报复性消费，很可能是因为你身边死的人还不够多。 大家可能都以为“开放”是最近几个月的事情，所以相关研究应该大多聚焦在近段时间。但事实是：关于开放对消费的影响的…,https://www.zhihu.com/question/566081900/answer/2846495846
女生该怎么让男朋友给自己买东西呀？,未知,0,这个问题其实还真被严肃研究过。 如果你想让老婆同意你买Switch，或者让你老公同意你买包包和口红（滑稽）， 其实是有一套研究得相对透彻的心理学机制供你参考的：充分利用睡眠剥夺对你对象的影响。 （对论证过程…,https://www.zhihu.com/question/446442182/answer/2845104321
中国科研水平真的很差吗？,未知,0,某天，某本科毕业季的学生去买了篇论文，交上去后却还是过不了关，被打下来了，理由是数据部分不充分。 但他实在是没办法啊，论文都是买的，让他自己改怕不是在刁难他。 于是，他自己编了数据以及部分结果。 其实还是有点驴臀不对马嘴，但评审不想为难他了，都是出来混口饭吃，打工人何必为难打工人。 于是捏着鼻子，睁一只眼闭一只眼，毕业论文过了…,https://www.zhihu.com/question/20353976/answer/2844999635
“思想钢印”是否存在于现实生活?,未知,0,这个问题很有趣，先说结论：存在。不仅存在，我接下来还会教你如何科学有效地为自己或者别人打上“思想钢印”。（不想看论证过程的小伙伴，可以直接跳到文章最后面哦） 在目前的心理学研究中，确实有一个和“思想钢印…,https://www.zhihu.com/question/307079688/answer/2844122039
你见过最厉害的医生是什么样的？,未知,0,规培期间，我去产科轮转，遇到了一位对我很好的老医生。 五十多岁，再强悍的人都该初显疲态了，但她没有，永远精神抖擞，瘦小的个子走路带风。 好像有用不完的精力，不仅临床上事无巨细都要自己动手，而且还在医学院供职，科研、教学一把抓，堪称吾辈楷模。 有一点是我最尊敬的：她的收入真的完全是来源于工资和绩效等，一点灰色不沾。 医生和患者都…,https://www.zhihu.com/question/566584952/answer/2843580450
有哪些瞬间让你觉得本科生和专科生有差距？,未知,0,我可能是感触最深的人之一。 研二那年，导师的助教出了车祸，我被迫顶班。 那年恰逢学校一鼓作气，准备提升自己的评级。为了扩大体量，一所医专被并入其中。 我和导师天天在本科校区和专科校区间奔波。 有次正好开车进校门，发现专科校区的装修完成了，不仅教学楼翻新，还修了几处小花园和喷泉。我打趣说现在专科这边比本科精致多了，专科的孩子们前…,https://www.zhihu.com/question/293960270/answer/2843561589
心理学领域有什么鲜为人知的冷知识？,未知,0,如果你想做一个局，去坑一下你的某位冤大头朋友，比如让他掏钱买单，又或者在入股时多掏点钱（滑稽）， 其实是有一套研究的很透彻的心理机制供你参考的： 充分利用他的道德伪善和道德正直。 道德伪善(moral hy…,https://www.zhihu.com/question/577543426/answer/2841813733
如何摆脱或者反击一直吊着你的女生？,未知,0,如果你想教训某个不知好歹的女生，甚至是让她对你产生生理加心理的双重恐惧，（滑稽） 其实是有一套研究得很透彻的心理学机制供你参考的： 充分利用 女性生理周期对条件性恐惧习得和消退的影响。 条件性情境恐惧：指一…,https://www.zhihu.com/question/363256607/answer/2841803194
有哪些道理你后悔知道的太迟了?,未知,0,如果你想做一个局，去坑一下你的某位冤大头朋友，比如让他掏钱买单，又或者在入股时多掏点钱（滑稽）， 其实是有一套研究的很透彻的心理机制供你参考的： 充分利用他的道德伪善和道德正直。 道德伪善(moral hy…,https://www.zhihu.com/question/442879082/answer/2840645469
如何评价2022年B站百大UP主？,未知,0,不知为何，每次看到这个问题，我都感到一种莫名的难过。 一种每个B站老用户都会有的难过。 我是一个很喜欢网上冲浪的人，每次看B站的百大年会，都会发现居然关注了上面的一小半人。按理来说，在写这个问题下的文章时，应该会有数不清的点滴浮现吧。 可深吸一口气后，脑海里始终只有两个UP主的身影一直在打转， 刘庸和杀心成焚。 我是一个从200…,https://www.zhihu.com/question/577103562/answer/2840274997
为什么越长大越对二次元反感了?,未知,0,众所周知，如果你想对一个心理咨询师造成会心一击，你就直接说他不像咨询师，而是像个居委会大妈， 但我这个咨询师还真被居委会大妈教育过。 前几年，我特别苦恼一件事：完全无法和一些宗教的信徒沟通。 比如我有位来访者是一名佛教徒，我和她一起讨论一场车祸， 在我和绝大多数人的视角里，这场车祸的因果是这样的： 司机在河边钓鱼，踩了一脚的湿泥…,https://www.zhihu.com/question/408307154/answer/2840096407
儿童精神科挤满抑郁症小患者，儿童抑郁症为何高发？当发现孩子有心理问题时，应该怎么办？,未知,0,遗憾的是，无论是我个人的临床观察，还是目前最新的心理学研究，都确凿无疑地表露了这样一个事实： 1.不良的亲子依恋是导致儿童抑郁症状的重要影响因素 2.亲子依恋对儿童的影响会因儿童对环境的生物敏感性不同而存…,https://www.zhihu.com/question/505080433/answer/2838390405
为什么现在那么多小孩得抑郁？,未知,0,遗憾的是，无论是我个人的临床观察，还是目前最新的心理学研究，都确凿无疑地表露了这样一个事实： 1.不良的亲子依恋是导致儿童抑郁症状的重要影响因素 2.亲子依恋对儿童的影响会因儿童对环境的生物敏感性不同而存…,https://www.zhihu.com/question/486206053/answer/2838389289
杀狐狸会遭报应吗？,未知,0,不知为何，这问题看得我心头一颤…,https://www.zhihu.com/question/415684178/answer/2837644275
如何一眼看透领导？,未知,0,如果你想整点骚操作，比如去探探你领导背后的水有多深（滑稽）， 其实是有一套研究的十分透彻的心理学机制供你参考的： 看组织政治感知对你领导产生自我耗竭的影响程度。 组织政治指的是工作环境中充斥着追求自利 而不…,https://www.zhihu.com/question/419661627/answer/2837155990
哪些事是你当了领导才明白的？,未知,0,如果你想整点骚操作，比如去探探你领导背后的水有多深（滑稽）， 其实是有一套研究的十分透彻的心理学机制供你参考的： 看组织政治感知对你领导产生自我耗竭的影响程度。 组织政治指的是工作环境中充斥着追求自利 而不…,https://www.zhihu.com/question/68467783/answer/2837111111
你知道哪些在医院「暴露人性」的故事？,未知,0,规培期间，我去产科轮转，遇到了一位对我很好的老医生。 五十多岁，再强悍的人都该初显疲态了，但她没有，永远精神抖擞，瘦小的个子走路带风。 好像有用不完的精力，不仅临床上事无巨细都要自己动手，而且还在医学院供职，科研、教学一把抓，堪称吾辈楷模。 有一点是我最尊敬的：她的收入真的完全是来源于工资和绩效等，一点灰色不沾。 医生和患者都…,https://www.zhihu.com/question/47451561/answer/2836824251
实习医生遇到过哪些搞笑事情?,未知,0,大四那年，我去精神专科医院实习，被师兄和同级看不起。 其实不怪他们，是我自己一门心思扑在考研复习，而实习却摆烂， 带教老师提问，我的同级们踊跃回答，就我独自一人默不作声（因为我答不上来）， 让做一些简单操作，我的同级们积极参加，我在旁边摸鱼（因为我不会）。 某天，我考研复习到内分泌章节，背完胰岛素瘤就去医院了。 一个病人被送了进…,https://www.zhihu.com/question/576365211/answer/2836080355
你知道的最冷的冷知识是什么？,未知,0,1.有相当多的历史名人并未死于悲剧，而是死于悲剧后被医生割腕而流血而死。 美国初代总统华盛顿、世界级音乐家莫扎特、英国国王查理二世的共同死因：被人割腕活活流血流死。 与古代中国相对系统化的中医不同，古代和近代的欧洲国家的医学理论充满了“想象力”：他们认为人会生病是因为血液过多， 他们根据希波克拉底的“四体液”学说认为：疾病是…,https://www.zhihu.com/question/51459956/answer/2835359216
尼采为什么批判怜悯心和同情？,未知,0,现在，身为哲学家的你上了一辆公交车，车上所有座位都坐满了人。 车上有一个座位是专门为老年人设立的“博爱座”，不过现在，这个座位被一个年轻男人占据了。 这时，一位老奶奶上了车。她杵着拐杖，腿脚十分不便，很需要一个座位。 有一位小姐虽然自己也没有座位，但她很心疼老奶奶，于是大喊着让有座位的人们让座。 最后，一位男士起身让座（不是占…,https://www.zhihu.com/question/50618182/answer/2835140004
思念到极致是什么感觉？,未知,0,昨晚，我和我的舅舅一起喝酒。他是个强悍得有点可怕的男人，14年敢贷款买比特币，以退学为要挟逼家人在成都市区买房。 现在他是某500强的董秘，腰缠万贯。但这样一个男人却像个喝醉的傻逼，抱着我的腿说老婆别走。 我踹了他一脚，说老舅你喝蒙了吗，我是你外甥女。而且你打了十几年光棍，有个屁的老婆。 然后他不抱我了，改成抱树，我拉都拉不…,https://www.zhihu.com/question/31914864/answer/2834677436
《自然》最新论文称「发现与发明的突破性都随时间流逝而下降」，如何看待这一研究？科学技术的发展停滞了吗？,未知,0,极致省流：从该作者本身使用的研究和调查方法来看，内容没什么问题，但跳出来看 就会发现有不少疑点。 暂时先挑几个最明显的： 问题1.统计的研究领域很有限。 虽然作者称“无论哪个学科”的突破性都在下降，但实际上文章只重点列举了生命科学、生物医学等5个领域的数据，其他领域的数据被较为“笼统”地概括掉了，我甚至不知道怎么去证伪。 问题…,https://www.zhihu.com/question/576918248/answer/2834345405
如何判断一个人是什么阶层？,未知,0,如果你想探一探某人的底，比如你那个总是在装逼的室友，或者是你的相亲对象（滑稽） 其实是有一套研究得很透彻的心理机制供你参考的： 看他面对重大的恶性案件时，他对利他性惩罚的态度如何。 利他性惩罚(altrui…,https://www.zhihu.com/question/52286414/answer/2834168720
装逼成功是种怎样的体验？,未知,0,大四那年，我去精神专科医院实习，被师兄和同级看不起。 其实不怪他们，是我自己一门心思扑在考研复习，而实习却摆烂， 带教老师提问，我的同级们踊跃回答，就我独自一人默不作声（因为我答不上来）， 让做一些简单操作，我的同级们积极参加，我在旁边摸鱼（因为我不会）。 某天，我考研复习到内分泌章节，背完胰岛素瘤就去医院了。 一个病人被送了进…,https://www.zhihu.com/question/37018823/answer/2833821505
知乎写文一直扑是一种什么样的感受?,未知,0,我可能是知乎最奇葩的创作者之一。 如果你也有想在知乎创作的欲望、或你正在尝试创作，我的心路历程可能对你有所帮助。 就我的观察而言，处于我这个阶段的创作者大多处于一种“叫好不叫座”的状态，即： 粉丝量起来了，但阅读量、点赞量一般都不高，甚至会出现一篇文章一个多月只有个位数点赞的情况。 但灰色幽默的是，我和绝大多数同期的创作者是反…,https://www.zhihu.com/question/479620204/answer/2833067369
为什么绝大多数人都不喜欢思考？,未知,0,其实“不喜欢思考”只是一个现象，而不是原因。 不喜欢思考的本质，是因为内心精神需求的极度匮乏。 我们可以举一个看似关联不大的例子来引入正题： 你的身边或许存在海皇海后，他们换对象比换内裤还勤。我最初的分析是他们本性很“渣”，天生就热衷于开启不同的亲密关系。 但在心理咨询时实际接触到几个真实案例，以及观察身边真实存在的案例后，我…,https://www.zhihu.com/question/24461538/answer/2832599207
你介意你的精神科医生曾经或现在患有双相情感障碍吗?,未知,0,省流：取决于你的就诊目的。 1.如果你的就诊目的是通过门诊高效缓解病情，那精神科医生本身怎么样其实没什么关系; 2.如果你的目的是通过咨询发现病因，以及理清病情发展脉络，那医生本身的情况会对咨询效果产生极大的影响。 原因很简单： 精神科门诊本质上是一种数据分析的思维，而心理咨询的本质是“功能租借”。 我们假设你是一位心理咨询师，…,https://www.zhihu.com/question/512388916/answer/2832417889
心理咨询从本质上来说是什么？,未知,0,功能租借。 心理咨询的本质是“功能租借”。 我们假设你是一位心理咨询师，现在一位患者向你求助。 我们要治疗/解决他的问题，所以至少要先发现他的问题吧？ 但患者出现了心理功能的障碍，所以往往发现不了自己的问题。我们作为一个人格功能、心理功能都完善的咨询师，相当于要在咨询过程中将我们的健全的人格功能、心理功能租借给他，让他带着完整…,https://www.zhihu.com/question/560206185/answer/2832344436
杀心成焚发生什么事情了？,未知,0,"舍生取义，杀心成焚。 昨日青丝，冢间红骨。 月色晚来枯，吊唱相和无。 悲喜总无泪也,是人间白发,剑胆成灰。 琴木萧萧也，弦尽时，秋风低回，莫问从头。 英雄总无路,天下千年酒,不解此一愁！ 杀心成焚身上发生了什么事？ 他杀心成焚，剑胆成灰了。…",https://www.zhihu.com/question/548622030/answer/2831564164
老婆婚内出轨，男人真的一辈子走不出阴影吗？,未知,0,昨晚，我和我的舅舅一起喝酒。他是个强悍得有点可怕的男人，14年敢贷款买比特币，以退学为要挟逼家人在成都市区买房。 现在他是某500强的董秘，腰缠万贯。但这样一个男人却像个喝醉的傻逼，抱着我的腿说老婆别走。 我踹了他一脚，说老舅你喝蒙了吗，我是你外甥女。而且你打了十几年光棍，有个屁的老婆。 然后他不抱我了，改成抱树，我拉都拉不…,https://www.zhihu.com/question/570793895/answer/2830979214
在蒙古包过夜，看见女主床头系的红绳，应该注意什么？,未知,0,高赞营销号看得我头都大了，干脆自己去图书馆和网络上查了一下民俗资料， 现将目前的资料总结如下： 1.系红绳目的：异性之间避嫌 2.习俗由来：目前没查到任何典故说明这个习俗的由来，有一种说法为:“系红绳”是近…,https://www.zhihu.com/question/554593126/answer/2830670806
你身边的校园暴力有多恐怖？,未知,0,我曾就读于一个差劲到极点的中学，初中和高中都是。而差劲的也不是一个人或是一个班，而是全部人，全部班，全部。 学校仿佛只是一个用来补觉和娱乐的地方，每天早上，清晨的阳光照进来时，十六七岁的男孩女孩们疲惫地来到教室，然后大吼大叫地坐下。 谁也不知道他们昨晚去了哪，干了些什么。 之后他们睡觉的趴在桌子上睡觉，打游戏的打游戏。而且那…,https://www.zhihu.com/question/63759814/answer/2829547626
有没有哪些前辈踩过的坑要分享给医学生?,未知,0,本回答可能是目前最详细的精神科生存指南。 写给精神医学或有志于精神医学的本科生、规培生们： 我亲爱的学弟学妹们，别以为我不知道你们精致的小脑瓜里整天在想些什么， 在教务处看了眼你们的教学计划，和我当年没什么…,https://www.zhihu.com/question/386128042/answer/2829295572
请问，你现在为什么还一直单身？,未知,0,高中的时候，我被一个同性喜欢，她的妈妈知道了，经常跑到学校里来闹，但她不知道我在哪个班。 我们学校每周星期一都要在操场上举行升旗仪式，她的妈妈又来了。她走上升旗台，用话筒喊我的名字，骂我婊子，耽误她女儿，说了很多不好听的话。 女生后来每次见到我，都拉着我的手跪下来哭，说对不起，对不起。我怎么拉都拉不起来。 我其实并不在意流言…,https://www.zhihu.com/question/457922593/answer/2828968105
有哪些冷门的心理疾病？,未知,0,不同类型的精神障碍可以在同一个人身上共存。 包括很多医疗从业者在内，很多人都有这样一个误区：在讨论精神障碍相关疾病时，总是习惯性地把患者的某种症状拎出来单独讨论，下意识认为一个人一般只存在一种精神障碍。…,https://www.zhihu.com/question/26414946/answer/2827784270
女生宿舍有人是les是种怎样的体验？,未知,0,我的本科室友就是。 每次深夜失眠时都会写一点点，以此文纪念我的本科生活。 开学报到那天，我去的很早，当时外面下着大雨，天还没亮。 我以为自己是第一个到寝室的，兴冲冲地推开门，才发现有人早就来了。 那是个浑身湿透的女孩，此时正站在窗户旁，看着外面的雨发呆。 她的头发深蓝近黑，瀑布般倾洒向腰间，脸部线条柔和，颜值属于明星级。我一直认…,https://www.zhihu.com/question/275746391/answer/2827569018
生活中有哪些实用的心理学知识？,未知,0,如果你想吸引一个人帮你做某件事，比如让你妈帮你洗碗（滑稽）， 其实是有两种研究机制很成熟的方法供你参考的： 1.在做一件很简单的事时，故意表现得很笨拙，然后将这件事做失败； 2.做一件很复杂的事时，故意表现…,https://www.zhihu.com/question/63794110/answer/2826039676
曾光回应「春节是否会形成群体免疫」，称群体免疫是一个概念，得看各个城市情况，春节返乡需注意什么？,未知,0,不知道该怎么吐槽这些专家，说话也不说明白。 群体免疫的本质其实和我们想象的不同，并不是病毒株毒力的弱化，而是绝大部分人免疫力的强化。 或许我们可以用更简单的语言来描述: 群体免疫即让我们绝大多数国民都重复感染数次，并在疫苗的普及下，最后形成对某几种病毒的普遍免疫。 是的，让绝大多数人感染一次到数次。 这种政策的原理是: 中国包括老…,https://www.zhihu.com/question/576200165/answer/2825795451
蒙脱石散登上热搜，医生提醒「不要乱用」，蒙脱石散有哪些药效？该如何正确用药？,未知,0,建议适当准备一点。 从目前的研究结果来看，当下和中国交流密切的国家（如美国）中，流行的病毒株主要为XBB1.5，在美国东部和纽约，甚至已经登顶为主要毒株（数据见下图）。 感染XBB1.5后，最主要的症状依…,https://www.zhihu.com/question/576069656/answer/2824968546
人老了，记性不好怎么办？针对老年人，记忆力开始衰退的问题。？,未知,0,当你发现这个问题时，恭喜你，你已经至少注意到了一点：老年人的情景记忆出现了受损。 但这个现象的本质是绝大部分人都没有注意到的： 与其说是老年人的记忆受损，其实是老年人的记忆模式已经发生了变化。 最直观的案例…,https://www.zhihu.com/question/30509118/answer/2824863427
为什么刘庸天天“黑”印度，印度人却好像没什么反应？,未知,0,有没有这样一种可能......其实像刘庸这样的视频博主，才是视频博主本来应该是的样子， 但是因为字节跳动裁员了（划掉）， 但是因为现在反复横跳的小丑过于多了，各种为了流量不择手段的家伙到处冒头，我们的网络环境才变得如此科幻，科幻到刘慈欣老师看了，吓得把三体十万就卖了。 作为一个从2006年就混迹各大平台的老网民，我可以很负责…,https://www.zhihu.com/question/512031526/answer/2823753004
孩子幼年时父母陪伴的重要性有多大？,未知,0,遗憾的是，无论是我个人的临床观察，还是目前主流的学术观点，都确凿无疑地显露了一个事实： 亲子关系和父母的教育卷入，对孩子青少年时期产生抑郁和自杀意念的相关性几乎是线性相关。 父母教育卷入 (Parents…,https://www.zhihu.com/question/38853163/answer/2823652551
如何理解著名作家蒋勋提到的“人本质上是孤独的”，你曾在什么时候感觉到自己真的很孤独？,未知,0,追逐梦想的过程就是追逐自己的厄运，在满地都是六便士的街上，他抬起头看到了月光。 我们每个人生在世界上都是孤独的。 每一个人都被囚禁在一座铁塔里，只能通过一种名为“语言”的符号向别人表达自己的思想。 而“语言”这种符号，是没有共同价值的，即使是同样的字眼，对于别人而言完全可能是另一个意思。 所以你心中那些无比清晰、毫无争议的事实…,https://www.zhihu.com/question/573877138/answer/2821595298
如何看待游戏《明日方舟》和高德地图的联动？,未知,0,今天一早就兴致冲冲地用了，开了大概7公里左右。 总体效果来说，实在是太......一般了，哪怕是在我这种老舟舟人的厨力加持下还是很一般。 语音只有开始导航和结束导航的部分是陶典亲自配的，其他部分基本上都是…,https://www.zhihu.com/question/575228904/answer/2821251038
新冠有什么后遗症？,未知,0,有较大可能导致不同程度的脑损伤。 别紧张，这其实是冠状病毒的传统艺能了。 早在2020年初开始，就陆陆续续有关于新冠能直接脑内感染的相关研究发表，截止到2021年7月，已经实锤了新冠病毒可以通过血脑屏障，…,https://www.zhihu.com/question/443112829/answer/2813373231
你有哪些秘密一直深埋心底？,未知,0,从2021年11月开始，我一直在知乎上免费提供心理咨询，但目前为止我已经有点力不从心了。 这段时间以来，我一直很想给关注我的人说一声： “对不起，我食言了，真的很抱歉。” 疫情开始后，科室接诊的患者肉眼可见地变多，做大创的实习生发了NGASR量表，结果筛出了快四分之一的阳性。 这个时候我才意识到，尽管科室接诊的患者越来越多，但…,https://www.zhihu.com/question/292862228/answer/2812840185
如何看待 B 站曾经动画区 up 主 LexBurner 被前妻指认出轨？,未知,0,什么叫魔幻现实？ 男人在台上大哭， 他的皮套肆无忌惮地狂笑， 奔四的大叔跟一群十三四岁的小女孩哭诉求安慰， 女孩们一边给大叔打钱，一边直呼“哥哥别哭”。 这次直播里： 雷某收割了小女孩们的同情和金钱， 前妻收割了雷…,https://www.zhihu.com/question/573117382/answer/2812673257
布洛芬真的没有任何副作用吗？,未知,0,太长不看版：有副作用，但没那么吓人，副作用主要体现为消化道症状，如消化不良、反酸、嗳气等。 如果你没有严重的基础疾病，那绝大多数副作用其实和你没有太大的关系。 以下为完整版。 看了一下赵小姐@赵泠 的回答，一如既往的严谨和详细，但可能因为不是医务工作者的原因，其实把一部分不那么重要的信息也罗列出来了。 作为某种程度上的内科医生…,https://www.zhihu.com/question/572329696/answer/2806440426
走夜路被一只黄鼠狼拦住问话时，你该如何脱身？,未知,0,…,https://www.zhihu.com/question/440965402/answer/2563159230
假如你是唐山烧烤店打人事件现场隔壁桌的食客，会怎么做？,未知,0,如果你见义勇为，我精神上支持你，你被打了我可以帮你报警，你受伤了我可以帮你打120，你蹲局子了我最多在网上贡献一点微薄的舆论， 要是你不幸去世了，我还可以帮你转发一下你的事迹。 对不起，我的能力只允许我做这么多了。 更多的事情我们既没有能力做，也不想去做，因为现在没有几套房连老奶奶都不敢扶。 北大前段时间发言，说北大的学生遇到…,https://www.zhihu.com/question/537047640/answer/2524096837
普京宣布在顿巴斯地区展开军事行动，乌克兰外长称「普京发动全面战争，乌克兰将自卫」，有哪些信息值得关注？,未知,0,俄罗斯驻外大使遇刺，普京出席葬礼。 普京的表情，悲伤中蕴含着极致的愤怒，在座的所有人都畏畏缩缩地打量着他，那恐惧的表情好像在看一座即将爆发的火山。 全程没有一句话，但山雨欲来的压迫感让人窒息。 这张照片将来…,https://www.zhihu.com/question/518414164/answer/2362885615
大学期末考试是怎么「捞人」的？,未知,0,我可以讲一下我自己捞人的思路，或许可以管中窥豹吧。 考试前一周，我会在在学习通里发一两套被用烂了的试卷（烂到在网上都能搜出原题的那种）。 这两套试卷的成绩，加上实验课的分，就是平时成绩。 我发在学习通里的试…,https://www.zhihu.com/question/509988783/answer/2301580480
如果项羽在垓下之战中大破十面埋伏，生擒刘邦韩信，历史会怎么评价他？,未知,0,如果诸位是想从纯粹的政治历史角度来理解这个问题，而不是演义，那么以下内容或许会对你有所启发。 垓下之战时，项羽军队的位置处于一个什么样的状态呢？ 汉五年，汉王乃追项王至阳夏南，止军，与淮阴侯韩信、建成侯彭越期会而击楚军。至固陵，而信、越之兵不会。楚击汉军，大破之。汉王复入壁，深堑而自守。谓张子房日:“诸侯不从约，为之柰何?…,https://www.zhihu.com/question/483719999/answer/2232500947
你有哪些话想对知乎上关注你的人说？,未知,0,2023年修订版（最新） 致关注狐狸的各位饲主大人们： 按理来说，有什么疑问，在评论区和我的私信里发出后，我看到了都会回复，但有个别问题问的次数特别多，那干脆就在此进行汇总，方便大家更好地观看狐狸的作品以及满足自己的需求。 1.狐狸接咨询吗？ 答：接。 但是实在抱歉，由于工作原因，狐狸在接下来一段时间都会很忙，所以可能有时不会立…,https://www.zhihu.com/question/264373660/answer/2216817630
中学生在学校穿连裤丝袜为什么会被另眼看待？,未知,0,我曾就读于一个差劲到极点的中学，初中和高中都是。而差劲的也不是一个人或是一个班，而是全部人，全部班，全部。 学校仿佛只是一个用来补觉和娱乐的地方，每天早上，清晨的阳光照进来时，十六七岁的男孩女孩们疲惫地来到教室，然后大吼大叫地坐下。 谁也不知道他们昨晚去了哪，干了些什么。 之后他们睡觉的趴在桌子上睡觉，打游戏的打游戏。而且那…,https://www.zhihu.com/question/420967746/answer/2216396567
觉得自己有点心理问题需要看心理医生吗？,未知,0,深夜睡不着时写的，记录一下前一天接触的病例，或许对诸位的思考有所帮助。 昨天早晨比预计换班早得多的时间去了医院，顺便去住院部三楼的一间办公室取一部分材料。 走廊里静悄悄的，只听得见路边床位上病人熟睡的呼吸声和我的脚步声。 中途路过了走廊的某个床位，发现床上躺的老人我居然认识，因为我见过她不下三次：第一次见是在心内科，因为她说…,https://www.zhihu.com/question/300912885/answer/2207778426
为什么现在越来越多人反感女权主义了？,未知,0,太长不看版：中国目前的女权组织本质上是极端宗教的一种。 正文：即使是从纯粹的政治学角度来看，中国的女权[1]也是一个非常匪夷所思的组织，它无法像研究欧洲范围内的女权组织一样追溯其前身，也很难观察到类似日韩女权的清晰发展脉络。 作为社会性组织，他们的行动纲领和行为逻辑异常混乱，他们的权力基础含混不清，他们的经济来源是个永远的…,https://www.zhihu.com/question/485334169/answer/2187014142
世界上真的存在完美犯罪吗？,未知,0,存在，但很可能土到让你提不起任何兴趣。 “但凡异乎寻常的现象，通常不是破案的障碍，反倒成了线索。” 出自《福尔摩斯.血字的研究》 密室杀人？有可行性的密室杀人手法早就被排列成册、公开售卖了，除了极少部分硬核的本格推理作家，大部分作品就是这些方式的排列组合，太阳底下无新鲜事。 没有留下任何证据？这不正好说明凶手有充分的时间打…,https://www.zhihu.com/question/378647766/answer/2180464635
为啥很多人说「读史可以明智」，可我却啥也学不到？,未知,0,我一直都有一个偏见—— “后悔”这种情绪其实是一种非常糟糕的情绪，因为你对某件事一旦后悔，你的双眼就会被这种色彩强烈的情绪蒙蔽，你会对你的意志产生动摇， 你会下意识地把选择的权利交给别人，让别人帮你选，而不是相信自己。 偶尔一次两次还好，不过一旦养成习惯，你离彻底败北也就不远了。 因为这个世界是残酷的，在这个弱肉强食的世界里，…,https://www.zhihu.com/question/421929945/answer/1491012558
男朋友这样是有啥病吗？,未知,0,姑娘，有些话我一定要对你说。 我其实不是很建议你照搬任何一个答主的方法，真的，包括我在内。 在知乎，你可以学习情感技巧，也可以学习理论知识， 但直接提问需要实际操作的感情问题，其实是件很糟糕的事， 因为答主们在写下回答时并没有直面你所面对的情况，纠结于你所在意的取舍， 他们只是一个局外人， 他们往往是作为一个纯粹的理性人来批判这一…,https://www.zhihu.com/question/418122411/answer/1450232530
有哪些令人悲痛的文学/动漫/影视作品中的人物的死？,未知,0,严肃向作品里，为了把剧情推向最高峰，像“团长”一类的精神领袖基本上是难逃一死， 团长终有一死，不过有的团长之死重于泰山: “把死亡的意义托付给下一个生者，这是我们对抗这个残酷世界的唯一手段！！！” 有的团长…,https://www.zhihu.com/question/61932912/answer/1449202420
患有自闭症是什么体验？,未知,0,我曾经在上海的一家咖啡屋兼职过，里面除了我和店长，其他服务人员全部由自闭症患者组成。 为了照顾自闭症服务员们那转瞬即逝的记忆，我们的咖啡只有三种:意式浓缩、拿铁、法式香草。 但这似乎依然无济于事，还是经常会出现有顾客点完单，服务员转过身走向吧台，都几乎快走到我面前了，突然露出一副茫然的表情，然后又转身回到顾客身边， “欢迎光…,https://www.zhihu.com/question/346039906/answer/1437963039
动画《JoJo的奇妙冒险》最让你上头的一幕是哪一幕？,未知,0,铭刻DIO之名的棺木被打捞上来的那一瞬间。 因为我一直很好奇，在海底沉睡的那一百年里，迪奥究竟在思考些什么呢？ 像老年人一样回忆自己的人生吗？可惜迪奥沉入海底的那年也不过才二十岁出头，并没有那么多材料可供…,https://www.zhihu.com/question/391399924/answer/1437652538
现在能证阿罗汉果吗？,未知,0,诸位，题主提出了一个非常棒的问题，因为任何一个宗教如果想进一步发展壮大，这类问题背后的本质将是不得不迈过的一条鸿沟。 现在，无论您是否是某个宗教的教徒，请让我们现在从自己的身份剥离开来，作为一个纯粹的“理性人”冷静探讨一下这件事。 无论是佛教还是其他宗教，其实很少有人敢明目张胆地张扬，宣称福报在今生今世就能够显现(邪教除外…,https://www.zhihu.com/question/416721267/answer/1437120031
如何看踹伤猥亵男男生被解除刑拘，案件提级由市公安局重新调查？,未知,0,“爸，我出事了！” “出什么事了，乖儿子？” “我性骚扰妇女被抓了!” “嗨，这是赚钱的好事啊，讲得这么吓人，搞得我还以为你见义勇为了呢。”…,https://www.zhihu.com/question/417588740/answer/1434836805
韦伯怎样才能和大帝赢得圣杯战争？,未知,0,其实从中学时我就一直在幻想一个场景: 韦伯和大帝坐上心爱的小车车，他们身旁坐着一个从『王之军队』里拉出来的神射手， 大帝驾驶着车速飙上200码的小车车在大街上各种漂移、刀片超车，神射手在车尾架着黑市里买的机枪突突突，韦伯缩着脑袋给机枪递弹链。 哪管什么不列颠英雄·神代人物·圆桌骑士之首·骑士王·阿尔托莉雅啊，直接在可视距离外…,https://www.zhihu.com/question/408324491/answer/1429030716
如何评价「没有祖国你什么都不是」这句话？,未知,0,有一天，你走在大街上，急匆匆地正要去上学或上班，人群里突然有一个人跳出来，紧紧地拉住你的衣袖，神情异常激动地对你说: “陛下！水能载舟亦能覆舟啊！陛下您千万要三思啊！” 虽然不知你作何感想，不过被精神疾病患者袭击，我这边还是建议你报警呢。 “没有祖国，你什么都不是。” 这句话最初由戈培尔说给高层官员，首先是意在提醒他们，不要被…,https://www.zhihu.com/question/47778396/answer/1426890841
为什么《理想国》里有那么多诡辩的论证？而且书里的人们竟然都信服了？,未知,0,现在，身为哲学家的你上了一辆公交车，车上所有座位都坐满了人。 车上有一个座位是专门为老年人设立的“博爱座”，不过现在，这个座位被一个年轻人占据了。 这时，一位老奶奶上了车。她杵着拐杖，腿脚十分不便，很需要一个座位。 有一位小姐虽然自己也没有座位，但她很心疼老奶奶，于是大喊着呼吁有座位的人们让座。 最后一位先生起身让座，老奶奶如…,https://www.zhihu.com/question/20323418/answer/1419187696
你认为你见过的最霸气的图片是哪张？,未知,0,中间这位应该是班长，严肃的表情中透着难以掩盖的自豪。 旁边两位很耐人寻味，两个小伙子一个斜靠着枪，一个好像在走神，仿佛在说: “啊？不就随随便便端掉印度一个炮兵营吗，有什么大不了的？拍完没有啊，我还赶着吃…,https://www.zhihu.com/question/342848648/answer/1413401036
为什么老一辈会认为健身出来是畸形身材？,未知,0,多年前还在医学院读本科的时候，家里正好有一位亲戚住院，就是那种常见的普通老人，有一点文化，但没有什么主见。 作为当时正好放假在家的医学生，自然是被拉去照顾病人了。 看了一下病例单，嗯，小腿骨折，没有糖尿病，没有肾脏疾病。 “阿姨，您这病想好的快点，得多补充营养。每顿多吃点肉和蛋吧，您这40kg的体重，每天最少也要补充36.8…,https://www.zhihu.com/question/410923579/answer/1410255691
心理学中有哪些细思极恐的理论？,未知,0,观前提示：本实验自1990年开始，至今未得出有说服力的结论，请大家不要恐慌，不信谣、不传谣。 1990年，有研究者开发出了一项计算机人脸合成技术，把许多面孔叠加在一起形成新面孔（Langlois，1990）， 240名随机抽取的男性志愿者被分为四组，他们要鉴赏女性面孔的照片分别由4张、8张、16张、32张叠加而成。 但这场原…,https://www.zhihu.com/question/37738059/answer/1409731286
一个人是生而优秀，还是后天培养出来的优秀？,未知,0,真人真事。 我外婆生活的那个村里，有一位种豌豆的老农。 40岁那年，他发现一个现象：每次播种用的都是黄色豌豆，可收获时却多出不少绿色豌豆。 他最初认为是别家的绿色豌豆花粉飘到这边来了。 随着前些年农村外出务工的人越来越多，最后只有他一个人还在种豌豆了。 但这种现象依然年年存在。 他开始隐约察觉到事情的蹊跷，认为其中一定有规律可言。…,https://www.zhihu.com/question/22753639/answer/1405529060
健身房真的很乱吗？,未知,0,何止是乱啊，简直跟鸦片馆似的。 好好的小伙子走进去，出来的时候面色惨白，下楼梯都得扶着栏杆。 这还不止，健身房还能让人变娘。 亲眼看到一个肌肉猛男深蹲150KG，在蹲到六个准备站起来时，这个铁骨铮铮、人高马大的汉子，居然发出了那种小女生的呻吟————那种黄花大闺女第一次入洞房，被新郎按住手腕压在床上发出的那种又痛又爽的娇喘声…,https://www.zhihu.com/question/328980960/answer/1404367106
四大文明古国为什么都是农耕文明而不是海洋文明或游牧文明？,未知,0,诸位，你在中学时代背单词的时候，也许曾发现过一个有趣的现象： 畜牧业graziery 渔业Fisheries 手工业handicraft 农业agriculture culture，意味着文化、文明、艺术、有特定信仰的组织和群体；agri在斯洛伐克语里则是“农业”的意思。 在一衣带水的欧洲语言体系里，似乎只有农业…,https://www.zhihu.com/question/269816367/answer/1400502082
什么是骑士精神？,未知,0,一天，某个法国村庄爆发了叛乱，一队骑士前去平叛。 农民:“大人，您是骑士，按照规定你们不能杀平民啊！” 骑士脱下铠甲并摘下胸前的勋章，“好了，至少现在我不是骑士了。” 村民当场去世。 国王表示很赞，给骑士们每…,https://www.zhihu.com/question/21308055/answer/1393556256
为什么食人族里面不会爆发朊病毒？,未知,0,其实你已经说出答案了——因为“食人”这个风俗。 (我在写回答时，当时的题目是:为什么食人族里面会爆发朊病毒) 早在18世纪，人们已经陆续注意到了由朊病毒引发的病症：羊瘙痒症、疯牛病。但当时普遍认为朊病毒不…,https://www.zhihu.com/question/412731365/answer/1393151576
南京女大学生被杀，能否在一定程度上表示出当前社会女性的择偶观？,未知,0,中国每年的谋杀案数从2014年开始就保持稳定下降，截止至2019年，每10万人中0.7起，一年总计9800起。 相当于每天都有27起左右谋杀案发生，在这样一个并不小的基数上，偶尔发生一些奇葩的、夺人眼球的案件，是很正常的事情。 不过某些别有用心的人啊，他的眼睛看不到那剩下的9799起命案，只见他眼睛一瞟，定睛一看，哦！这里…,https://www.zhihu.com/question/412352779/answer/1393048662
为什么我们要感谢老师?他们传授知识，我们难道是没交钱吗？,未知,0,看到这个问题时，不知不觉中已经面带微笑了，这真的是一个很可爱的问题，一个假装成熟的孩子终于忍不住揭开伪装的面具透口气，字里行间透露出青涩少年特有的迷惘。 答主们，不要对一个少年这么言辞刻薄啊。 题主的年龄大概是多大呢？应该是介于初二和高二之间吧，作为一个学子的路倒也走了近小一半了，应该陆陆续续接触了几十位老师了吧？ 正在阅读…,https://www.zhihu.com/question/410804853/answer/1384613129
女孩考上清华跪谢父母系摆拍，作者回应「我正能量有错吗」，你怎么看？是「正能量」还是「挣流量」？,未知,0,你的子女，其实不是你的子女。 他们是生命对于自身渴望而诞生的孩子。 他们借助你来到这世界，却非因你而来。 他们在你身旁，却并不属于你。 你可以给予他们的是你的爱，却不是你的思想， 因为他们有自己的思想。 你可以庇护的是他们的身体，却不是他们的灵魂， 因为他们的灵魂属于明天， 属于你做梦都无法到达的明天， 你可以拼尽全力，变得像他们一样，…,https://www.zhihu.com/question/410250675/answer/1381914796
认识到生存的可悲，为什么人类没有自我毁灭的决心？,未知,0,你的心理其实并不是你的心理，它是大脑出于对生命的渴望自发形成的活动。你的爱好其实也不是你的爱好，因为你的一切自发的举动初衷都是为了让“人类”这个族群延续。 就像我们天然偏好重油重糖的食物，因为它能最高效地储存热量以帮助我们在那些匮乏年代度过难关；我们会下意识地避免高强度运动，因为我们的身体仍然像150万年前一样在为随时可…,https://www.zhihu.com/question/410498669/answer/1381792492
从宇宙的尺度看，生物的存在是否能脱离细胞？,未知,0,题目给了个蛮宽松的条件:宇宙的尺度。这给了很大的发挥空间。 这是目前认可度比较高的生命的特征: 1.能自我复制。 2.能够储蓄和利用能量。 比如朊病毒，从1960年开始对朊病毒造成的疾病进行研究，但一直到1997年，在这之间甚至没人意识到“朊病毒”本身的存在。 因为它连遗传物质都没有，这37年间一直被学者们误以为是一种普通的纤维…,https://www.zhihu.com/question/411565631/answer/1379495356
有什么和“生命都会死亡”一样的基础规则，可以帮助我们对生命意义进行思考?,未知,0,最近正好在做一项“年龄对自杀率的影响”的研究。 这项调查是在无意中开启的，在各个机构得出的问卷数据中，在全年龄段的男性自杀率都是显著高于女性的，这一点事实上已经是心理学的常识。 但是，似乎在某两个年龄段里，自杀率的性别差异却达到了顶峰。 20-30岁，男性的自杀率是女性的6倍（Kruger，2006） 70岁以上，男性的自杀率…,https://www.zhihu.com/question/408293448/answer/1373544899
你们是如何从男生身上薅羊毛？,未知,0,你小子今天算是问对人了，一般人我还不告诉他，今天就算便宜你了。 一.关系亲密的男生 先送男生这款羊毛衫，让他穿上。 这款由于属于贴身衣物，一般很少有单独穿的，大多需要搭配外套。 关系不够亲密的话，想把手伸进人…,https://www.zhihu.com/question/410915952/answer/1371771647
父母骂我打我我一定奉还，你们怎么做？,未知,0,我的外公在老家同时养过鸽子和鸡。 对于鸡，外公允许我跟它玩耍，甚至把它们打得乱飞乱跳也不会责怪我。 因为外公知道，鸡离开我们就无法生存，不仅会受困于食物，还要时时在野狗饥饿的目光下瑟瑟发抖。所以就算被打到遍体鳞伤，它还是会贱兮兮地回来。 但我不敢伤害鸽子。我靠近它时必须轻手轻脚，我给它们喂食物时要小心翼翼地捧在手上，因为我知…,https://www.zhihu.com/question/409654844/answer/1365806111
面对禽兽不如的坏人，现在为什么很少有路过的人出手打抱不平？,未知,0,如果你见义勇为，我精神上支持你，你被打了我可以帮你报警，你受伤了我可以帮你打120，你蹲局子了我最多在网上贡献一点微薄的舆论， 要是你不幸去世了，我还可以帮你转发一下你的事迹。 对不起，我的能力只允许我做这么多了。 更多的事情我们既没有能力做，也不想去做，因为现在没有几套房连老奶奶都不敢扶。 北大前段时间发言，说北大的学生遇到…,https://www.zhihu.com/question/405681562/answer/1330251374
薅羊毛的群到底是真的假的？,未知,0,如果有人愿意告诉你这些，你或许需要思考一下，那个人是否是你失散多年的亲爹。 因为除了亲爹，现实世界哪有这样的好心人啊？真有iPhone之类的商品以几块钱的价格出售，我挂在二手平台上卖不香吗。 成年人的世界…,https://www.zhihu.com/question/403170367/answer/1318240925
阿强为什么不锻炼时停能力？,未知,0,也许是美国的文化输出吧，超级英雄的形象在我们心中越来越深刻，我们几乎下意识地认为，“英雄”一定是自带高光、英俊潇洒的超人了。 荒木则试图告诉我们，所谓“英雄”不过就只是一个个有着黄金精神的普通人。 当你在生活中遇到危险的时候，愿意对你伸出援手的不会是超级英雄，而是你身边十分普通以至于你平时都不会多看一眼的普通人，他也许是一…,https://www.zhihu.com/question/403127511/answer/1304353393
如何评价《明日方舟》最新活动「乌萨斯的孩子们」?,未知,0,诸位知道怎么用刀切肉吗？而且是切那种大块的带骨肉？ 有过料理经验的朋友可能会觉得这个问题很弱智——不就是用刀反复切割骨头间的缝隙处嘛。 是的，这种方法是正确的，但只适合于状态良好的锋利切肉刀。 那怎么用钝刀…,https://www.zhihu.com/question/401084873/answer/1291305493
"请告诉我发音为：táo, bǎo, diàn的词是什么？",未知,0,1.逃鸨店 指老鸨提前得到要被警察突击检查的风声，匆忙逃走，留下的一家空壳风俗店，简称“逃鸨店” 2.掏爆腚 3.桃饱店 指一群肥宅整天开蟠桃大会的场所。 (科普：动漫爱好者喜欢称呼某动漫角色为自己老婆，其他同…,https://www.zhihu.com/question/399717275/answer/1281672006
中国人有没有种族歧视？,未知,0,曾经有，而且很严重。 但凡是一个多民族国家，在各个民族相貌身材、生活习惯、文化习俗都差异巨大的情况下，必然会爆发冲突与矛盾。 中国现在的各民族和谐共处，是因为已经经历了长达两千年的交流磨合。 诸位可以看看古代对少数民族的称呼：东狄、西戎、南蛮、北夷，没一个是好名字，有的甚至还有反犬旁——这是把人家当成一种野兽来看待了。 在这两…,https://www.zhihu.com/question/58990986/answer/1268124250
如果高考中途突然有学霸疯了，站起来大声念答案，这件事会被怎么处理？,未知,0,大家好，我是题主(捂脸) 匆忙写好问题就发布了，本想着过段时间再仔细编辑一下问题，结果回过神来时已经变成热门问题，无法编辑了。。。 很多答主认为答案还没有念完就会被监考老师架出去，但我原本预想的情况是： 一…,https://www.zhihu.com/question/398597705/answer/1265660354
怎么评价《三体》中程心几次辜负了地球？,未知,0,我大概能猜出“威慑系统”的灵感来源:上个世纪的美苏冷战。 美国总统的办公桌有三个按钮，用来干什么大家估计都清楚。也就是说，针对苏联的核威胁一定程度上只取决于美国总统一个人，而个人的思想是不可观测的，这就形成了核威慑。 比如美国总统有可能某天喝高了，或者被老婆戴绿帽子后对生活绝望了，可要命的是核弹启动器在他手上，你说这威慑力…,https://www.zhihu.com/question/397969102/answer/1260013144
如何看待美国明尼苏达州明尼阿波利斯因警察压死黑人发生暴乱？,未知,0,堡垒最容易从内部攻破，说不定明天就解放白宫了呢？(狗头) 愤怒的黑人们唱着国际歌，手中高举马列毛的著作冲入白宫解放美国，正道的光撒在了大地上。…,https://www.zhihu.com/question/397995405/answer/1258853077
为什么美国感染百万我感受不到大家悲伤？,未知,0,5月23日，美国各地的海滩开放了。 大家在沙滩上晒着日光浴，在海中游泳、冲浪，甚至还有人在沙滩上烧烤野餐。 截止至当天，确诊人数已经高达168万，并且以每日2万的速度稳定增加着。 人家自己都不悲伤，您又来劲…,https://www.zhihu.com/question/391302885/answer/1245169806
反智主义有什么危害？,未知,0,“反智主义”可能跟很多朋友想象中的有所不同，其实它并不是一个最近才出现的新事物， 相反，它诞生的时间与信息传播技术的发展高度重合，至少也要追溯到第一次世界大战。 诸位也许看到过类似的例子： 这三段文字是我在…,https://www.zhihu.com/question/298652619/answer/1244928924
女生练什么可以防身?,未知,0,某些大哥们，别把小姑娘们往坑里带了。真的，有些回答看得我心惊肉跳的。 大部分的回答都是推荐的中国跤和柔道一类的空手搏击技，虽然难度各异，但这些都没有任何问题。 不过一类推荐随身携带武器的就值得怀疑了。 能让…,https://www.zhihu.com/question/384392346/answer/1239217513
男女力量差距真的那么大么?,未知,0,不知道诸位有没有看过拳击比赛(或其他任何非表演性质的对抗比赛)，机智的你至少一定注意到了一点：几乎所有的对抗赛事都是按重量级来分级的。 但遗憾的是，这个分级制度并不是一开始就有的，在这之前的相当一段长的时间里，一个身体欣长的轻量级是有可能对上一个大块头的，你想想那个画面得有多美，轻量级选手就像在玩魂斗罗或超级玛丽一样，被…,https://www.zhihu.com/question/26528726/answer/1233659048
怎么看待在烈士陵园门前嬉笑打闹放风筝的行为？,未知,0,烈士们大概会会心一笑吧，他们献出生命，就是为了看孩子们的笑脸啊。,https://www.zhihu.com/question/386917670/answer/1232689823
你有什么秘密是想深藏一辈子的？,未知,0,高中的时候，我被一个同性喜欢，她的妈妈知道了，经常跑到学校里来闹，但她不知道我在哪个班。 我们学校每周星期一都要在操场上举行升旗仪式，她的妈妈又来了。她走上升旗台，用话筒喊我的名字，骂我婊子，耽误她女儿，说了很多不好听的话。 女生后来每次见到我，都拉着我的手跪下来哭，说对不起，对不起。我怎么拉都拉不起来。 我其实并不在意这些…,https://www.zhihu.com/question/348481204/answer/1224856405
喜欢一个女生，可是她有男朋友了，如何挖墙脚?,未知,0,"有男朋友的女生，你只有一个竞争对手； 没有男朋友的女生，你有无数个竞争对手。 那么答案已经显而易见了 少年，你还在等什么？ (小声逼逼几句：前提是你和她男朋友互不认识，不然就等死吧(°ー°〃),)…",https://www.zhihu.com/question/392835863/answer/1224670065
为什么承太郎发动时停的时候会喊：“砸挖撸多”？,未知,0,承太郎：“食堂泼辣酱！” 白金之星：“啊？叫我干嘛？” 承太郎：“砸瓦鲁多！” 白金之星：“哦哦，好的。” 毕竟白金之星的功能太多了，画素描、接子弹、赶论文、当望远镜、欧拉欧拉，你如果只是叫他名字，人家不知道…,https://www.zhihu.com/question/393661460/answer/1214009334
如何看待 B 站 UP 主「西安跑酷少女(知乎脆脆鲨) 」对线武当陈师行道长的视频？,未知,0,请想像一下，假如你是一个古代武士。 你的雇主发现朝廷有超过半数大臣要谋反，他把一封写了证据的绝密文书递到你手中。为了证明文书的真实性，他挥刀自尽。他临死前紧紧握住你的手，流着泪跪下恳求你，请你务必将头颅和文书送到皇上手中。 京城中到处都是谋反派的眼线，你一出门就被盯上了。 你的后面是一个武士提着刀狂奔着追杀你，你的身旁有骑马…,https://www.zhihu.com/question/392378150/answer/1206327333
为什么我觉得网上有很多人在煽动男女，邻里，亲戚之间的仇恨，让他们对立，是我的错觉吗？,未知,0,刷知乎的人比其他平台的人智商高得多，如果想把一些价值观扭曲的道理硬灌输给他们，作者绝对会被怼到飞起。 但如果给他们讲故事，把你的观点悄悄加在故事里，很多人就会误以为这是他们自己思考后得出的结论。 相信你一定见过类似的故事： 我的父亲是一位面朝黄土背朝天的老农民，虽然每天都很辛苦，但一辈子铁骨铮铮，没向谁低过头。 小时候不懂事，…,https://www.zhihu.com/question/393082334/answer/1206046966
真的很多人用 AO3 吗？,未知,0,当纳粹来抓共产主义者的时候， 我保持沉默； 我不是共产主义者。 当他们囚禁社会民主主义者的时候， 我保持沉默； 我不是社会民主主义者。 当他们来抓工会会员的时候， 我没有抗议； 我不是工会会员。 当他们来抓犹太人的时候， 我保持沉默； 我不是犹太人。 最后他们直奔我而来， 已经没有人能替我说话了…,https://www.zhihu.com/question/375729550/answer/1202397198
明日方舟能不能进行好友扩列（官服）？,未知,0,B服，艾谢尔，请多指教。 常用的几个干员练度都比较高，除了傀影，技能都是专三。如果需要我更换的话，在评论区留言就好。…,https://www.zhihu.com/question/340287544/answer/1200036678
如何看待《明日方舟》中霜星的死令全网“哀鸿遍野”，对爱国者却没人表示伤心？,未知,0,霜星实在是太过脆弱，能天使两个技能就带走了。就像古代武士在阳光中打坐时，在身旁的紫罗兰上停留的蝴蝶，静静地陪伴着你。 现在武士被国家征召，要上战场了，蝴蝶也就离开了。它在微风中颤抖的样子是那么的唯美但又那么的脆弱。 霜星与你的关系在朋友和恋人之间，她的死亡就像蝴蝶在寒风中离开花枝，将这个感情彻底升华，这种感情是十分容易表达…,https://www.zhihu.com/question/391986090/answer/1198311872
如何评价明日方舟BOSS爱国者？,未知,0,爱国者：“接下来轮到你了，阿米娅！” 阿米娅：“混蛋，，爱国者！” 爱国者：“嚯嚯，不是转身逃走，而是靠近我爱国者吗？难得你的博士像考试结束了还在答题的考生一样，拼了命地要把我爱国者第二阶段要拆高台的秘密…,https://www.zhihu.com/question/391956103/answer/1196545893
如何评价《明日方舟》主线第七章「苦难摇篮」？,未知,0,第 七 章 剧 情 简 介： 陈 ：“报告魏彦吾，今天我有紧要事一定要申请休假一天。我告诉你秘书(文月)了。” 魏彦吾 ：“说了就行了？通知我秘书说要坐我位子就坐得了我的位子？通知我秘书说要我…,https://www.zhihu.com/question/390590033/answer/1194959281
为什么古代军队那么怕骑兵呢？,未知,0,看了一圈，这个可能是最丢人的一个回答(捂脸)。 曾经有一次提着菜过马路，雨下的很大，地面湿滑。本来机动车道已经红灯了，有一辆黑色的机动摩托车正好高速骑过来，轮胎又打滑，骑车的老哥把刹车捏死了都没刹住。一路火花带闪电(其实并没有)地向我这条咸鱼冲过来。 还好司机技术好，使劲用身体扭转车身，才保我一条狗命。 即使是这样也把我吓懵…,https://www.zhihu.com/question/374172140/answer/1192050157
如何评价现在的QQ音乐？,未知,0,无产阶级的歌被资本家收费，就很离谱…,https://www.zhihu.com/question/318885195/answer/1181517810
如何看甘肃女孩遭老师猥亵跳楼事件涉事教师一审被判 2 年？,未知,0,那个女生真是不知好歹，怎么就跳楼了呢？不信你看，那位老师和那些官员为了改进法律作出了多么大的牺牲： 窃格瓦拉偷电瓶判刑五年， 河南辉县的一个大学生掏鸟窝判刑十年， 哦！这位甘肃庆阳的吴老师吴大人，强奸未成年少女，导致后者跳楼轻生，判个轻飘飘的两年。 哦！原来掏鸟窝和偷电瓶是比强奸未成年少女重得多的罪啊！ 看来我以前真是孤陋寡闻了…,https://www.zhihu.com/question/390400846/answer/1181128766
特朗普风评这么差，为什么他的竞选支持率还是那么高？,未知,0,我最近发现一件很恐怖的事：特朗普说的话连我那个在读初中的侄子都能听懂。 曾经在B站看过一个视频短片，大概内容是奥巴马和特朗普分别在各自任期内，维和部队作战胜利后的发言。 奥巴马：“感谢我们士兵的英勇作战” “感谢各级官员的支持” ………… 特朗普：“我知道没人会…,https://www.zhihu.com/question/382544372/answer/1177781921
律师们，你会接鲍毓明的案子吗?,未知,0,来晚了，可能没人看得到，但我还是想说两句。 请注意，也许鲍的案子看起来已经是非分明了，但这个世界上更多案子，它们并非都是这样能够一眼看出是非。 很多时候，被告人不一定就真的是凶手，由于真凶对证据的掩盖、对调查的误导，很可能无辜者遭到怀疑，而真凶仍然逍遥法外。 如果被告人坐在最终审判的被告席上，在说明前几级法院的审判中，他都被…,https://www.zhihu.com/question/387279637/answer/1177610975
资本原始积累一定是血腥的吗？,未知,0,来嘛，诸位，别急着划走，我们来玩个角色扮演的穿越游戏。 回过神来，你已经身处一片暗红色的夕阳中了。在你身后，远处未完工的教堂巨大而宏伟，细碎的小雨被寒风吹到脸颊上，整个天空都被浸染上了红色。 你穿越到了中世纪的欧洲，这时你的面前是一个嘈杂的酒吧和正在招兵的军队办事处， 你打算去： A.酒吧 B.军队办事处 机智的你当然去了酒吧，…,https://www.zhihu.com/question/350460062/answer/1172412939
你为什么不鼓励全面封杀盗版？,未知,0,罗翔老师关于“人性”的看法真的很精辟。 现在很多年龄稍小不太理性的朋友抱着为了支持正版而支持正版的想法，以支持正版为手段而不是目的，但这才是违背“人性”的。 因为盗版就是比正版便宜，只要便宜就有人买，有人买就有市场，有市场就会再催生盗版，这才是真正的“人性”。 真正能有效打击盗版方式就是想尽办法提高正版用户的体验。比如我自己…,https://www.zhihu.com/question/388693821/answer/1171693091
朋友们 能说说长大之后礼节性的行为吗（觉得自己不太懂）?,未知,0,突然想到一个很有意思的游戏，诸君不妨和我一起试一试。与其我填鸭式地给题主灌输社交礼仪，不如我们一起来玩一个游戏：我们一起来推导一下社交原则。 就像欧式几何，看起来极其复杂，但其实它只有几条很简单的公理，而后来所有的成果都是由这几条公理开始，一级一级地推导出来，最后形成这个庞大的数学体系。 我们也应该从最基础的公理开始唯一公…,https://www.zhihu.com/question/388994786/answer/1164911852
40年后如果真的出现了知识直接输入大脑，我们现在不就都白读书了吗？,未知,0,前提是你不读书，能在社会上生存40年， 且在你没有学历文凭的情况下，40年后你的经济条件足以支持使用这个最尖端的科技。 如果能做到，那其实这个技术出不出现对你的影响都不大，因为你的家境足够殷实，即使不灌输记忆，你也能生活得很滋润， 如果您的家庭并没有如此地有钱，那这项技术跟您的关系就更不大了。 除非你从一开始就在认真读书，再作…,https://www.zhihu.com/question/387181498/answer/1147871565
什么时候让你觉得世界观崩塌了？,未知,0,问你一个问题。 如果有富豪说，小伙子，看你骨骼惊奇，20万，把你的肾卖给我。 你卖不卖？ 当然，你说你是个有原则的人，怎么可能出卖自己的身体。 所以富豪又说，2000万，外加上海两套房。 你卖不卖？你敢说你不心动？ 直到我思考这个问题之前，我都一直希望世界上的所有人都能享有自由，并且认为这个思路是绝对正确且合情合理的。 但刚才上面的…,https://www.zhihu.com/question/382135923/answer/1147430811
你遇到过恶心奇葩讨厌的亲戚吗？,未知,0,一次国庆假期，有个亲戚来我家吃午饭，主要目的是为了借钱，想给小孩买套学区房。饭后亲戚约大家一起去河边逛着玩。 老爹老妈表示下午有事(实际上只是不堪其扰)，让我和弟弟尽一下地主之谊。 而亲戚家的一个小屁孩非要去河里游泳，怎么劝都不听，他的妈妈还阴阳怪气地讽刺我，说我这个练了好几年游泳的人，胆子还没有一个只练了两个月的小孩胆子…,https://www.zhihu.com/question/322472411/answer/1146187710
我们生活的宇宙是不是一个原子，我们生活中的每个原子中都存在一个宇宙？,未知,0,当然不是。 如果把宇宙压缩到一个原子大小，那这个宇宙的密度将变得无限大，时间和空间的曲率都是无法观测的。这时，这个宇宙就是一个“奇点”，而在奇点处，所有的物理法则(包括预言出奇点的相对论本身)都将失效。 在奇点处，讨论时间和空间都是没有意义的，直到它爆炸之后(宇宙大爆炸)，才开始有时间和空间的概念。…,https://www.zhihu.com/question/382986098/answer/1142543432
如果说天上一天，地上一年，神界每天看到的景象会是什么？,未知,0,事实上，这个理论在现实中也是真的，不一定要打上神话的标签。 广义相对论有一个著名预言：在像地球这样的大质量物体附近，时间流速会更慢一些。 这是因为光能量和它的频率有一种关系：能量越大，频率越高。当光从地球的引力场往上行进，它失去能量，因此频率下降。在上面的某个人看来，下面发生的每一件事都显得需要更长的时间。 题主问会发生什么…,https://www.zhihu.com/question/385983181/answer/1141445988
刚入坑方舟，想知道怎么发展和有什么萌新需要知道的东西吗?,未知,0,没什么需要了解的，玩着玩着就都知道了。 有六星就无脑练，都是有用的。 有时候抽不到想要的别灰心，该有的总会有的。…,https://www.zhihu.com/question/379428548/answer/1139271913
上海17岁男孩被母亲批评赌气跳桥身亡，是父母太强势？还是孩子太叛逆？,未知,0,作为曾经常年被揍的老油条，我来给现在的孩子们科普一下如何正确地“挨打”“挨骂”。 总论：我希望年轻人们都能当一个脸皮厚如城墙的混小子。 问题一：我们要怎样挨打才是正确操作。 分析：除了有人格障碍的小部分父母，所有的父母打小孩时，都不是在头脑十分清醒的时候打的，当时一定是怒火攻心。 他们在打孩子的时候，不完全是出于“教育”的目的…,https://www.zhihu.com/question/320759458/answer/1136286345
明日方舟里有哪些cos对腿要求不高的女角色？,未知,0,看到很多抖机灵的，我还是认真说两句吧。 对腿要求不高，不一定要cos腿难看或者腿被大面积遮盖的角色，而是要选择角色特点极其鲜明的角色。 比如能天使，一身运动服和同色头发，本身的特点其实并不鲜明，但身后的十多把枪是真的拉风。 再比如幽灵鲨，一身修女服，在正常的姿势下其实并不显身材，但手中一把电锯足以完美补完她的角色魅力。 反例就…,https://www.zhihu.com/question/384183159/answer/1125717300
假如你是曹安民，当你的叔叔兼上司曹操在宛城问你当地有没有妓女的时候，你觉得如何回答最能避免死于非命？,未知,0,我没有点灯，房间里一片漆黑。极目远眺，从窗外可以看到灯火阑珊的城市。 真美啊，即使只能远远地看着，也是一种享受。 “安民，你不是说戌时就去拜访贾大人吗？这都快近亥时了。” 面前的少年在黑夜的微光中席地而坐，虽然发着牢骚，眼中却没有流露出任何不耐烦的神色。 这个少年看起来完全没有他爹的英姿，柔美得像个女孩，可他的目光锋利如刀，让…,https://www.zhihu.com/question/381716407/answer/1112827877
如果荀彧重生，他还会选择跟着曹操吗？如果是，他会怎么做？如果不是，那他会跟谁？,未知,0,会的，一定会。 可能很少有人想过，荀彧到底渴望着什么。 聪明如荀彧，共事二十载，难道就丝毫看不出曹操是何等样人？难道就感觉不到他志不在臣子？难道就预料不到事态的发展？不可能，平心而论他早料到会有今天，却始终不敢正视这一切，一直在回避，在否认，在自欺欺人……他只不过不愿承认罢了。有人贪权，有人贪财，荀彧则贪名！ 荀彧始终在向…,https://www.zhihu.com/question/383073588/answer/1112445853
你认为明日方舟里面最孤独的干员是谁?,未知,0,炎客。附上学习犯罪心理学时为炎客写的方舟同人文。 如果有心，也许会收获不少。 “坦白地说，罗德岛原则上不招收来历不明的人。”一位长着蜥蜴头的萨弗拉族男士看似漫不经心地抛出这句话。 他身旁的单人沙发上，一位浅…,https://www.zhihu.com/question/382920749/answer/1112399417
如果地震发生时，人在五楼（学校寝室），我应该跑下去吗？,未知,0,无论你在几楼，哪怕你就在一楼，地震时第一件事依然是躲进桌子之类的掩体，等到第一次地震停止或减弱后再向开阔处转移。 因为地震中造成伤亡最大的并不是第一次的强震，而是后续的余震。 在逃生时，压低身子，微微前倾，低头，双手或书本护于头上，但不要直接与头接触。 到了开阔处后，在官方公布危险解除前，不要试图返回室内抢救财物。 以上适用于…,https://www.zhihu.com/question/383338556/answer/1112392825
假如你是《三国演义》中的吕伯奢，如何逃过一劫（分普通难度和地狱难度两个情景）？,未知,0,当然玩地狱难度。 夕阳西去，就像一盏茶饮到无色，无味。 暮色渐起。 “孟德，记得加衣服，”我抬头望着天空，“要变天啦。” 闻言，面前心事重重的年轻人瞳孔骤然散开，他也茫然地看了一眼天空。 他虽年轻，却也是历经…,https://www.zhihu.com/question/383212653/answer/1111742100
智力低下的迹象是什么？,未知,0,看了一下问题的标签，题主可能需要的是儿童智力低下的表现吧。 1、反应方面：注意力和动态视力水平都不高，无法进行眼睛的追视； 2、运动方面：6个月的正常孩子，大部分会坐，但智力低下的孩子做不到;与同龄正常婴儿相比，智力低下的孩子动作笨拙，等到学会走路后两脚还是相互乱踢，平时无目的的活动较多。 3、与人沟通时，对外界无反应、异常…,https://www.zhihu.com/question/382611536/answer/1106371817
曹操一生多疑，为什么还有那么多人愿意为他效劳？,未知,0,现在的伊拉克等国，依然有中国人敢去那里工作，为什么呢？人为财死，鸟为食亡，就这么简单。 你看关羽张飞，刘备确实对他们很好，整天兄弟前兄弟后地叫着，时不时还挽手流泪，让人看得起一身鸡皮疙瘩。但是张飞和关羽跟着刘备颠沛流离了一生，大部分时候连个落脚的地方都没有，直到最后的一段时间才混得好点。 跟着曹操干，起码有点盼头。 武将里，…,https://www.zhihu.com/question/358281410/answer/1104254725
曹操扮演捉刀人，为什么匈奴使者能看出曹操是真英雄，怎么能培养像曹操一样的气质气场？,未知,0,曹操扮演捉刀人时，显然不只是单纯地在一旁傻站着，而是不断地上下打量着匈奴使者。 捉刀人，不过是个大字不识几个的武夫，终日靠着微薄的军饷果腹，给他几贯钱就能把命卖给你。这样的人可以做到在千军万马前面不改色，可以在杀人放火时表现得从容不迫，却很难在众宾云集、充满达官显贵的社交聚会上游刃有余。 你想象一下，那个坐在主位上的家伙一…,https://www.zhihu.com/question/382086698/answer/1101444712
不管你现在有多么混蛋，小时候还是会把太阳画在纸的左上角 对吗？,未知,0,相信比较细心的人可能已经发现了，这个问题下，即使只是在不同的答主的童年画作中，太阳的位置也是不同的，有的人画在左上角，有的人画在右上角，有的人画在正中。 这个时候造成太阳位置不同的因素，很单纯也很简单，可能只是临时起意，也许只是一念之差。 在以后的人生中，有的人接受社会的善意，更多的人也是接受社会的毒打。被毒打后的我们逐渐…,https://www.zhihu.com/question/380597548/answer/1088584285
感觉娃智力发育迟缓，不知道有没有救？,未知,0,不要慌张，请耐心看完。 人类直到8岁前都是大脑发育的高峰期，很多成年后智力超群的人在童年时都进行过充分的智力、记忆训练。 您的孩子只是在现阶段暂时落后于同龄人而已，这不应该成为放弃他的理由，如果不做任何补救措施任由孩子继续的话，与同龄人的差距只会越来越大。 与其担心“来不来得及”，不如把所有心思都投入补救中，积极参加康复训练…,https://www.zhihu.com/question/376397732/answer/1079811757
最让你印象深刻的一句话是什么？,未知,0,“要让一群人团结起来，需要的不是英明的领导，而是共同的敌人”…,https://www.zhihu.com/question/50701799/answer/1078999303
想问一下，我应该先重点练谁？（有星熊了，雷蛇和可颂练那个好呢？德克萨斯和凛冬练那个好呢？）？,未知,0,盾练雷蛇，满级后是强度最高的盾之一，而且还可以充电，对以后一些只能靠攻击回复技力的干员（比如陈）来说，非常友好。 先锋练德克萨斯，攻击力很高，前期都可以当近卫用，而且费用低不卡手，二技能练起来后，下场几…,https://www.zhihu.com/question/378296003/answer/1070027848
矿石病的患者最后会怎样？,未知,0,由于我本人是医生，我大概能理解医治矿石病的难点。矿石病就像癌症，在身体的某一个部位形成病灶，然后跟随血液在全身扩散开来。矿石病比癌症更严重，它不仅会扩散，而且本身还具有放射性，会对身体的各个器官造成持续性的伤害，医治起来绝对是一笔天文数字。 感染矿石病的人，临死前会全身都是病灶，这个时候尸体本身就是一个巨大的放射源，已经…,https://www.zhihu.com/question/330705732/answer/1059850340
明日方舟罗德岛明明是制药的为啥要打整合运动？,未知,0,并不是有意要对整合运动展开歼灭战，与整合运动的武装冲突多为任务过程中的遭遇战，或者是保护目标人物时的防御战。况且，罗德岛武装力量的构成也不支持针对整合运动的全面打击行动。 和一般的集团化军队武装不同，罗德岛的武装是由很多支由少量精锐干员组成的小队构成，在保留足够的基地防卫力量时，小队按照实力分级，被派遣执行各种尖刀行动。…,https://www.zhihu.com/question/374597508/answer/1058951941
冷的搓手是条件反射吗？,未知,0,"当然不是。我们在感到冷的时候，是有意识地去控制自己的手搓起来，而不是下意识地就开始搓手。 ""望梅止渴""就是一个典型的条件反射，看到梅子就止不住地流口水，""流口水""这一举动显然是下意识中就完成的，而不是人为控制的结果。…",https://www.zhihu.com/question/373575602/answer/1030104470
转基因玉米能留种子吗？为什么？,未知,0,"高中生物学知识。我们假设高产基因为Aa（优势基因一般是杂合子） 玉米地里的玉米在经过减数分裂后，会产生A和a的花粉和卵子，你无法保证它们全是按照A-a的形式授粉，因为还有A-A,a-a两种情况。 所以你得到的种子，不一定全部都还有原本""高产""的性质。 你所得玉米种子的基因中，AA+aa的数量:Aa的数量＝1：1，也就是说，如…",https://www.zhihu.com/question/365266221/answer/1022738672
假如你是三国君主，可以任选武将和谋臣，总共最多选十五个，你会怎么搭配？,未知,0,我有丞相董卓，副丞相曹操，大将军袁绍，义子吕布，猛将潘凤、刘三刀，守营大将淳于琼，心腹许攸，可一统天下否？,https://www.zhihu.com/question/371205299/answer/1018262032
明日方舟攒了4发十连，是应该去抽小绵羊，还是等小火龙？,未知,0,谢谢各位，问题已经解决了。 那就是一发十连给小羊，另外三发继续等小火龙 应大佬们的要求，我放一下我目前的阵容图…,https://www.zhihu.com/question/369989804/answer/1001035416
屁股大腰细的女孩都穿什么牛仔裤?,未知,0,这个鱼钩有点太直了（狗头）,https://www.zhihu.com/question/356413579/answer/988563821
人有没有前世？,未知,0,应该有，但跟大部分人前世高贵的太太先生的身份不同，我是一个被饥荒和战争赶走的饥民， 十几岁时做的一个梦。我好像饿了好多天了，弯着腰想在地里刨点粮食渣子出来，但田地光溜溜的什么都没有。一个瘦得皮包骨头的老汉在我的旁边也在跟着刨土。过了一会儿，他直起腰来休息，好像突然看见了什么，拉着我就死命地跑。 眼见着就要就要跑进山了，老汉…,https://www.zhihu.com/question/313611693/answer/987104608
如果你有一个超能力不管什么考试在都能及格且仅能及格，你会怎么发挥这个能力的最大作用？,未知,0,以后国家专门给你设一个考试局，只负责为你安排考试。 一张卷子就两道题，一道60分，一道40分。…,https://www.zhihu.com/question/365574368/answer/975789012
为什么远古时期的人类能靠跑步抓猎物把猎物活活累死？,未知,0,不是累死，是把猎物跑中暑。 相当多的一部分野兽身上长满了毛，即使夏天会脱毛，但跟人光洁无毛的皮肤相比，排汗性能还是会差很多。 选一个十分炎热的下午，几个猎人提前喝李大杯水，再在身上带上一壶。 猎物看到猎人后，往往会突然受惊，然后疯狂逃窜，直到觉得安全了，才停下来休息。 而猎人则从一开始就不紧不慢地慢跑跟上，只要猎物没有瞬间跑出…,https://www.zhihu.com/question/362750236/answer/975767828
怎么看待男生穿光腿神器去学校?,未知,0,丝袜、裙子、高跟鞋，最初全部都是男人在穿。 古罗马、希腊、14世纪的苏格兰，男人全部都穿裙子； 高跟鞋最初设计出来是为了让骑士们上马更方便； 法国国王查理四世就是丝袜爱好者； 所以现在男生穿丝袜、裙子、高跟鞋不能叫做变态，那叫“衣冠简朴古风存”，那是崇尚古风，跟现在小仙女们穿汉服是一个概念（手动狗头）…,https://www.zhihu.com/question/346134666/answer/957724834
汶川地震中有什么细思恐极的地方？,未知,0,绵阳人来说两句。 地震前几分钟我去超市买完东西， 本来提着东西，慢悠悠地走在超市走廊上， 不知道为什么，突然觉得头皮发麻，（当时还没开始地震） 感觉背后有谁在推着我一样，想让我跑起来。 不是那种暗示我逃跑的感觉，是那种奴隶主用鞭子抽他的奴隶，要求他拼命跑起来的感觉！ 我当时大脑几乎突然放空了，完全不知道为什么有这种感觉，几乎没有犹…,https://www.zhihu.com/question/31453749/answer/949949811
如果艾滋病在古代被发现会发生什么？,未知,0,卧槽，现在一想，古代某些妇女“克夫克子”，不就是艾滋病吗？,https://www.zhihu.com/question/351217347/answer/943762544
曹操的能力在帝王中能排前十吗?,未知,0,曹操通过曹丕分享的二维码加入了群聊。 看来是没什么人懂这个梗了。…,https://www.zhihu.com/question/346864380/answer/936390869
为什么动漫里大都是冷兵器作战？,未知,0,隔着上千米，该怎么打嘴炮拖时间？,https://www.zhihu.com/question/354125581/answer/912843737
有人月薪一两万，但一两千的包都不舍得买吗？为什么？,未知,0,诸君，看到这个问题，我突然联想到了一件古代逸事。 孔子一生都在强调“不僭越”，可能不仅仅是为了维护天子，也是在保护诸侯王自己。 比如“墓门挂剑”典故中的徐国君，身为一国之君居然会去羡慕一个使者的佩剑。 像这样一个小国寡民之国的国君，让他去整一个和周天子一样的64人舞蹈团，只怕过不了多久就会亡国。 以上也只是其一。 “德不配位，必…,https://www.zhihu.com/question/348044308/answer/905541634
有什么事是你小时候不懂年轻时敢说老了不想说的事？,未知,0,“那个皇帝身上明明什么衣服都没穿，为什么大家都在赞美他的衣服呢？”,https://www.zhihu.com/question/354594049/answer/888324249
起点小说《诡秘之主》为什么这么火？,未知,0,#诡秘之主（网络小说）# 最能打动人的，往往不是宏大的战争或者史诗般的故事，而是由一个又一个普通人累积成的历史。 我永远不能忘记一位在一百章左右出现的一位妇女，她的死既没有影响主线，也没有引出支线，连一个浪花都没翻起来，但这却从最真实的角度揭露了一个时代的尾声。 一个妇女从早忙到晚的极限是制作7箩筐火柴盒，一箩筐144盒，…,https://www.zhihu.com/question/319268236/answer/888169459
动脉的具体位置越具体越好？,未知,0,小可爱，你的动脉被我藏起来了哦，找不到哒。 你笑一下我就还给你哟(●'◡'●)ﾉ❤…,https://www.zhihu.com/question/68669256/answer/854203802
高三一轮复习自己课下是以知识点巩固为主还是以做题为主？,未知,0,巩固知识，现在还没到做题的时候。 二轮三轮复习，有的是时间给你刷题。 而且你在二轮开始会发现，很多以前成绩一般的同学突然就成绩拔尖了，也就是所谓的黑马，这些同学就是一轮复习时基础知识巩固得好的。 高中的很多知识，必须要花时间去记、去背，你把时间都拿去刷题了，可能会提高熟练度，但只要考到综合性强的题目，直接歇菜。 有些同学在一轮…,https://www.zhihu.com/question/343938550/answer/810459030
在《三国演义》中，荀彧为什么收到曹操的空盒子就自杀了？,未知,0,曹操的意思是：能赏赐给你的，我早已全部给你了，我还可以给你什么呢，还有什么是我还可以装在这个盒子里，送给你的呢？ 权力？可是你录尚书事，总揽朝廷政务，是除我之外的二把手。 金钱？你荀氏家族已经是颍川第一世家，会在乎钱？ 地位？为了讨好你，我把我的女儿都嫁过来了，你现在既是许都群臣之首，又是魏国元老。 美人？谁不知道荀氏乃名门清…,https://www.zhihu.com/question/311331704/answer/810263144
情调和情趣的区别，说说你的看法？,未知,0,情调是形容气氛或者环境的，“你的房间布置得真有情调” 情趣往往形容人，“老王是个很有情趣的人”…,https://www.zhihu.com/question/341942565/answer/808632107
这像是哥哥和妹妹的对话吗?,未知,0,白天哥哥妹妹，晚上死鬼宝贝。,https://www.zhihu.com/question/342387511/answer/808198028
巅峰时期的泰森可以打几个普通人？,未知,0,哪种普通人？ 有的人常年健身，力气大，打架是有优势的； 有的人练过搏击技，完全陌生的武术体系对泰森造成的压力可不是一星半点； 或者有人跟泰森是世仇，比如有个人的父亲在比赛时被泰森一拳揍死，他从小就背负着复仇的意志练拳，这次跟泰森打架是抱着必死的意志来的。这种人的战斗力是有加成的，显然不好惹。…,https://www.zhihu.com/question/305965476/answer/806697304
怎样更有男子气概？,未知,0,健身，这个才是最快的选择。,https://www.zhihu.com/question/343077808/answer/806471676
男朋友对你说的话感觉厌烦，怎么办？,未知,0,…,https://www.zhihu.com/question/337155793/answer/802060351
安静的时候你会想他嘛，要是不想了就是不爱了？,未知,0,…,https://www.zhihu.com/question/342055857/answer/801799561
女生最想收到男性朋友送的什么礼物？,未知,0,对不起，我是个无聊的男人，我不会那些花里胡哨的，我只会单手开法拉利； 我是个粗心的男人，每次给你发零花钱，都会不小心多按一个0； 我是个没有情趣的男人，完全不懂口红的色号之类的，只能直接把专柜买空直接送给你； 烛光晚餐真的很浪漫吗？我不懂，我只记得那天晚上我为你包下了一整个五星级酒店，却忘了要求烛光晚餐，但是你的笑容，依旧那…,https://www.zhihu.com/question/21054413/answer/794547171
