title,location,created,upvote_num,comment_num,word_count,file_name
00后的身高是不是被吹过头了?,日本,2025-08-29 20:07,1341,69,813,00后的身高是不是被吹过头了__Mortis_2025-08-29_1944853597817911012.md
10月1号实行的K字签证，对普通人有什么影响？,日本,2025-09-30 13:56,31,7,17,10月1号实行的K字签证，对普通人有什么影响？_Mortis_2025-09-30.md
17 岁中学生成中国首位从北坡登顶珠峰的青少年，这有多厉害？和南坡相比，北坡登顶有哪些挑战？,日本,2025-05-30 12:55,0,0,3,17 岁中学生成中国首位从北坡登顶珠峰的青少年，这有多厉害？和南坡相比，北坡登顶有哪些挑战？_Mortis_2025-05-30_1911767682086335452.md
2026年起江苏将实施中小学春秋假，对此你怎么看？,日本,2026-02-24 20:11,2648,74,18,2026年起江苏将实施中小学春秋假，对此你怎么看？_Mortis_2026-02-24.md
Ave Mujica最后会怎么包饺子？,日本,2025-02-06 20:42,7,0,32,Ave Mujica最后会怎么包饺子？_Mortis_2025-02-06_94380577402.md
ave mujica能否在剩下三集里解决c团遗留问题，拉大喵回来，再开一场live?,日本,2025-03-05 09:56,1,0,44,ave mujica能否在剩下三集里解决c团遗留问题，拉大喵回来，再开一场live__Mortis_2025-03-05_116670476231.md
evamujica主题曲《killkiss》的歌词中的“下流”是什么意思?,日本,2025-07-10 00:35,3,0,31,evamujica主题曲《killkiss》的歌词中的“下流”是什么意思__Mortis_2025-07-10_1926439413216421432.md
MyGO!!!!!和Ave Mujica的队员吃起来都是什么味道的？,日本,2025-02-04 23:21,4,0,392,MyGO!!!!!和Ave Mujica的队员吃起来都是什么味道的？_Mortis_2025-02-04_92873694370.md
mygo与ave mujica乐队的女孩子都是什么香味的？,日本,2025-02-10 01:49,20,1,849,mygo与ave mujica乐队的女孩子都是什么香味的？_Mortis_2025-02-10_96947535596.md
Mygo和Mujica乐队的姑娘们成年后的故事将会怎么发展?,日本,2025-02-11 23:28,462,91,1597,Mygo和Mujica乐队的姑娘们成年后的故事将会怎么发展__Mortis_2025-02-11_98609754918.md
“我爱你，但与你无关”，怎么读懂这句话？,日本,2025-06-15 14:51,0,2,20,“我爱你，但与你无关”，怎么读懂这句话？_Mortis_2025-06-15_1917594987987727427.md
《Ave Mujica》第七集长崎素世发出了长达十几秒的尬笑，她在笑什么？,日本,2025-02-14 19:39,3,0,1,《Ave Mujica》第七集长崎素世发出了长达十几秒的尬笑，她在笑什么？_Mortis_2025-02-14_101037514072.md
《BanG Dream Ave Mujica》后续可能会出现什么逆天剧情？,日本,2025-02-16 21:15,4,1,16,《BanG Dream Ave Mujica》后续可能会出现什么逆天剧情？_Mortis_2025-02-16_102558263421.md
《会员制餐厅》是反战作品还是反战败作品？,日本,2025-03-10 14:19,341,6,11,《会员制餐厅》是反战作品还是反战败作品？_Mortis_2025-03-10_120927937312.md
《哪吒之魔童闹海》 8 月 2 日全网上线，你看了吗？,日本,2025-08-08 12:34,55,7,7,《哪吒之魔童闹海》 8 月 2 日全网上线，你看了吗？_Mortis_2025-08-08_1937129422584021352.md
《颂乐人偶》第七话后会对二创圈产生什么样的影响?,日本,2025-02-17 18:36,9,2,33,《颂乐人偶》第七话后会对二创圈产生什么样的影响__Mortis_2025-02-17_103335351000.md
「你要写春天就不能只写春天」，如果你来写春天，你会怎么写？,日本,2025-05-26 23:49,1,0,10,「你要写春天就不能只写春天」，如果你来写春天，你会怎么写？_Mortis_2025-05-26_1910482731802038793.md
一个政权为什么不能永远依靠暴力让民众服从？,日本,2025-03-04 15:12,4,0,11,一个政权为什么不能永远依靠暴力让民众服从？_Mortis_2025-03-04_116070620223.md
一句话概括你有多喜欢你的猫?,日本,2025-07-25 23:52,35,7,25,一句话概括你有多喜欢你的猫__Mortis_2025-07-25_1932226716274790917.md
下辈子想当只鸟，大家有什么经验可以分享吗？,日本,2025-02-06 11:57,6,1,8,下辈子想当只鸟，大家有什么经验可以分享吗？_Mortis_2025-02-06_93988054822.md
下雨天做什么最舒服？,日本,2025-07-20 11:57,1628,106,1004,下雨天做什么最舒服？_Mortis_2025-07-20_1930234866542294432.md
世界上真的存在完美犯罪吗？,日本,2026-02-26 00:03,81,6,109,世界上真的存在完美犯罪吗？_Mortis_2026-02-26.md
世界上第6伟大的人是谁?,日本,2025-05-09 22:23,455,25,145,世界上第6伟大的人是谁__Mortis_2025-05-09_1904300539455444074.md
丰川祥子、海老冢智来了，但你只准备了一个键盘，高情商的你如何处理此事？,日本,2025-06-17 10:58,3,0,4,丰川祥子、海老冢智来了，但你只准备了一个键盘，高情商的你如何处理此事？_Mortis_2025-06-17_1918261226150032673.md
丰川祥子为什么要隐瞒自己退出CRYCHIC的原因？,日本,2025-07-09 19:36,29,0,32,丰川祥子为什么要隐瞒自己退出CRYCHIC的原因？_Mortis_2025-07-09_1926364207206597874.md
为什么「看起来很闲」的领导，反而最有本事？,日本,2025-06-12 23:58,9,0,75,为什么「看起来很闲」的领导，反而最有本事？_Mortis_2025-06-12_1916645431380803852.md
为什么不认同姜萍的人把姜萍完全不懂数学符号这件事看得很重？,日本,2025-05-04 23:25,4716,121,12,为什么不认同姜萍的人把姜萍完全不懂数学符号这件事看得很重？_Mortis_2025-05-04_1902504222643188801.md
为什么中式恐怖的压抑程度比起西式恐怖要高很多？,日本,2025-08-04 12:43,805,50,1247,为什么中式恐怖的压抑程度比起西式恐怖要高很多？_Mortis_2025-08-04_1935682231382291142.md
为什么八幡海玲去哪个乐队哪个乐队就炸掉？,日本,2025-02-12 00:43,5,0,7,为什么八幡海玲去哪个乐队哪个乐队就炸掉？_Mortis_2025-02-12_98652030472.md
为什么千草爱音老是看上去这么糖？,日本,2025-02-27 11:02,1731,90,39,为什么千草爱音老是看上去这么糖？_Mortis_2025-02-27_111639021476.md
为什么姜萍一消失，王虹就证明了挂谷猜想，希尔伯特第六问题也被解决?,日本,2025-05-05 10:39,12,0,26,为什么姜萍一消失，王虹就证明了挂谷猜想，希尔伯特第六问题也被解决__Mortis_2025-05-05_1902673851852252914.md
为什么年轻的肉体让人沉迷？,日本,2025-08-25 09:14,2898,134,589,为什么年轻的肉体让人沉迷？_Mortis_2025-08-25_1943239871108998789.md
为什么很多西方语言会出现阴性、阳性这种属性?,日本,2025-06-27 11:22,2,0,46,为什么很多西方语言会出现阴性、阳性这种属性__Mortis_2025-06-27_1921891131723087903.md
为什么最近在各大平台上都会看到网友很热情洋溢地写俳句?,日本,2025-02-24 22:28,45,12,17,为什么最近在各大平台上都会看到网友很热情洋溢地写俳句__Mortis_2025-02-24_109447954300.md
为什么有人说陈梦花400亿买下奥运单打名额呢？,日本,2025-06-15 20:25,0,0,10,为什么有人说陈梦花400亿买下奥运单打名额呢？_Mortis_2025-06-15_1917679168289748965.md
为什么现在的年轻人不觉得断子绝孙很可怕？,日本,2025-11-15 11:15,187,28,294,为什么现在的年轻人不觉得断子绝孙很可怕？_Mortis_2025-11-15.md
为什么现在越来越多的人不想要孩子呢？,日本,2025-09-18 10:43,319,15,191,为什么现在越来越多的人不想要孩子呢？_Mortis_2025-09-18_1951959379655000697.md
为什么现在鲍鱼这么便宜？,日本,2026-02-11 20:45,2529,165,1365,为什么现在鲍鱼这么便宜？_Mortis_2026-02-11.md
为什么童年创伤会在 25～30 岁大爆发？,日本,2025-09-10 10:49,378,22,12,为什么童年创伤会在 25～30 岁大爆发？_Mortis_2025-09-10_1949061857420747712.md
为什么简中ip都说日本米贵，日本ip都说米不贵？,日本,2025-06-12 17:58,0,0,13,为什么简中ip都说日本米贵，日本ip都说米不贵？_Mortis_2025-06-12_1916555080624234669.md
主人欠钱 3 岁狸花猫被法拍，已有数百人报名竞拍，怎样看待此事？,日本,2025-08-23 16:46,16,3,16,主人欠钱 3 岁狸花猫被法拍，已有数百人报名竞拍，怎样看待此事？_Mortis_2025-08-23_1942628717579964943.md
乒超联赛，樊振东与王楚钦早晚要碰，能预测他们的比赛结果吗？,日本,2025-06-11 23:02,10,0,0,乒超联赛，樊振东与王楚钦早晚要碰，能预测他们的比赛结果吗？_Mortis_2025-06-11_1916269182007370198.md
亚洲体坛最漂亮的十位女运动员都有谁？,日本,2025-05-13 22:41,10,1,0,亚洲体坛最漂亮的十位女运动员都有谁？_Mortis_2025-05-13_1905754445595272192.md
人类历史上最伟大的十个人是谁？,日本,2025-08-03 11:09,48,4,797,人类历史上最伟大的十个人是谁？_Mortis_2025-08-03_1935296279346406266.md
什么叫演戏用力过猛？,日本,2025-03-09 19:15,2,0,0,什么叫演戏用力过猛？_Mortis_2025-03-09_120293890204.md
什么名字能拯救「羊」这个姓氏？,日本,2025-02-19 20:45,7,1,4,什么名字能拯救「羊」这个姓氏？_Mortis_2025-02-19_105241879887.md
什么才叫文笔幼稚？,日本,2025-07-13 19:43,583,64,1296,什么才叫文笔幼稚？_Mortis_2025-07-13_1927815439137870438.md
什么是情绪价值？,日本,2025-07-27 15:25,494,43,1184,什么是情绪价值？_Mortis_2025-07-27_1932823861998645810.md
什么样的父母能把孩子逼疯？,日本,2025-02-25 13:05,0,0,0,什么样的父母能把孩子逼疯？_Mortis_2025-02-25_109903022354.md
什么馅的饺子在你心中封神？,日本,2025-02-21 19:56,3,0,32,什么馅的饺子在你心中封神？_Mortis_2025-02-21_106994082889.md
佐仓杏子总是吃那么多，为什么没有变成一个胖子？,日本,2025-07-14 18:26,1,0,10,佐仓杏子总是吃那么多，为什么没有变成一个胖子？_Mortis_2025-07-14_1928158314845407000.md
你为什么和你的男朋友分手？,日本,2025-07-26 23:50,56,6,1405,你为什么和你的男朋友分手？_Mortis_2025-07-26_1932588638509709126.md
你们怎么看待女生纹身呢？,日本,2025-06-20 00:43,278,29,27,你们怎么看待女生纹身呢？_Mortis_2025-06-20_1919193544926658905.md
你们的名字是怎么起的?,日本,2025-08-10 11:36,86,14,935,你们的名字是怎么起的__Mortis_2025-08-10_1937839719263244986.md
你们见过最逆天的女主设定是什么样的？,日本,2025-07-14 18:25,11,1,9,你们见过最逆天的女主设定是什么样的？_Mortis_2025-07-14_1928158154614605780.md
你们都什么时候对男女之事开窍的？,日本,2025-07-18 12:11,191,26,1381,你们都什么时候对男女之事开窍的？_Mortis_2025-07-18_1929513564491747842.md
你做过最奇怪的梦有多离奇？,日本,2025-10-05 20:34,57,3,256,你做过最奇怪的梦有多离奇？_Mortis_2025-10-05_1958268944545738808.md
你做过最抽象的事情是什么？,日本,2025-01-31 23:57,9,2,257,你做过最抽象的事情是什么？_Mortis_2025-01-31_90369339491.md
你做过的最龌龊的一件事儿是什么？,日本,2025-07-29 12:33,2659,102,1371,你做过的最龌龊的一件事儿是什么？_Mortis_2025-07-29_1933505407806080279.md
你发现过另一半的哪些秘密？,日本,2025-09-08 10:46,54,10,48,你发现过另一半的哪些秘密？_Mortis_2025-09-08_1948336423783633774.md
你受过最狠的羞辱是什么？,日本,2025-02-06 18:54,0,0,34,你受过最狠的羞辱是什么？_Mortis_2025-02-06_94317198780.md
你听说过最智障的谣言有哪些？,日本,2025-02-06 12:41,2,1,105,你听说过最智障的谣言有哪些？_Mortis_2025-02-06_94021318329.md
你在教材中看到过最长的证明是什么？,日本,2025-07-14 22:23,20,1,50,你在教材中看到过最长的证明是什么？_Mortis_2025-07-14_1928218118376916826.md
你心目中的排名第一的雪糕是什么？,日本,2025-07-31 10:40,173,28,714,你心目中的排名第一的雪糕是什么？_Mortis_2025-07-31_1934201673951212250.md
你愿意花多少钱买一个小摊的手工厚牛肉汉堡呢?,日本,2025-07-16 16:44,7491,277,981,你愿意花多少钱买一个小摊的手工厚牛肉汉堡呢__Mortis_2025-07-16_1928857615296882154.md
你是伪人吗？,日本,2025-06-27 11:17,2,1,4,你是伪人吗？_Mortis_2025-06-27_1921889855744487583.md
你曾遇到过哪位平凡却让你印象深刻的市井人物？,日本,2025-07-30 11:37,388,19,936,你曾遇到过哪位平凡却让你印象深刻的市井人物？_Mortis_2025-07-30_1933853670874784779.md
你最意外的一笔收入是什么？,日本,2025-08-03 19:27,1428,95,1013,你最意外的一笔收入是什么？_Mortis_2025-08-03_1935421491073225385.md
你有什么解压的小众爱好？,日本,2025-08-06 18:41,4836,281,1073,你有什么解压的小众爱好？_Mortis_2025-08-06_1936497031322530513.md
你用的最久的一句微信签名是那一句？,日本,2025-05-10 19:58,1,1,21,你用的最久的一句微信签名是那一句？_Mortis_2025-05-10_1904626350918206310.md
你的低成本爱好是什么？,日本,2026-02-08 22:07,719,48,1522,你的低成本爱好是什么？_Mortis_2026-02-08.md
你的学校发生过最扯的事是什么？,日本,2026-02-09 14:56,121,13,729,你的学校发生过最扯的事是什么？_Mortis_2026-02-09.md
你看过哪些暗黑童话？,日本,2025-08-07 23:05,146,15,706,你看过哪些暗黑童话？_Mortis_2025-08-07_1936925881005216283.md
你真的允许自己在精神上「生病」吗？,日本,2025-10-08 22:49,83,7,327,你真的允许自己在精神上「生病」吗？_Mortis_2025-10-08_1959389950601593074.md
你磕过最邪门的cp是哪对？,日本,2025-02-16 20:24,1,0,7,你磕过最邪门的cp是哪对？_Mortis_2025-02-16_102525099521.md
你觉得哪些味道消失了？,日本,2026-02-24 13:30,112,6,1140,你觉得哪些味道消失了？_Mortis_2026-02-24.md
你觉得预言 7 月 5 日海啸是真的吗?,日本,2025-07-05 00:43,10,9,13,你觉得预言 7 月 5 日海啸是真的吗__Mortis_2025-07-05_1924629538186438414.md
你越来越沉默的原因是什么？,日本,2026-02-14 12:20,247,12,594,你越来越沉默的原因是什么？_Mortis_2026-02-14.md
保安和 AI 对话六个月，称AI发来签约协议让其信以为真，打印聊天记录要说法，AI 背后公司要担责吗？,日本,2025-11-09 11:30,58,6,11,保安和 AI 对话六个月，称AI发来签约协议让其信以为真，打印聊天记录要说法，AI 背后公司要担责吗？_Mortis_2025-11-09.md
假如ave mujica由你来编，你会如何编写剧本？,日本,2025-03-29 16:24,4,2,616,假如ave mujica由你来编，你会如何编写剧本？_Mortis_2025-03-29_1889352238167732517.md
假如一天清晨，三角初华从烦躁不安的睡梦中醒来，发现自己在床上变成了一只大的吓人的金毛大狗会怎么样？,日本,2025-06-11 20:27,19,1,17,假如一天清晨，三角初华从烦躁不安的睡梦中醒来，发现自己在床上变成了一只大的吓人的金毛大狗会怎么样？_Mortis_2025-06-11_1916230153354347137.md
假如一天清晨，千早爱音从烦躁不安的睡梦中醒来，发现自己在床上变成了一只大的吓人的粉色奶龙会怎么样？,日本,2025-06-04 21:25,28,5,336,假如一天清晨，千早爱音从烦躁不安的睡梦中醒来，发现自己在床上变成了一只大的吓人的粉色奶龙会怎么样？_Mortis_2025-06-04_1913707963551547830.md
假如有一个性转的你，你会喜欢他／她吗？,日本,2025-08-16 10:46,1267,102,785,假如有一个性转的你，你会喜欢他／她吗？_Mortis_2025-08-16_1940001387309146732.md
做过的最离奇的梦是什么？,日本,2025-10-31 15:17,140,18,708,做过的最离奇的梦是什么？_Mortis_2025-10-31.md
像丰川祥子这样的女孩子会有男生喜欢吗？,日本,2025-02-26 00:19,0,0,26,像丰川祥子这样的女孩子会有男生喜欢吗？_Mortis_2025-02-26_110436780100.md
兔子是哺乳动物，为什么兔子可以近亲繁殖？,日本,2025-05-12 00:43,3,1,23,兔子是哺乳动物，为什么兔子可以近亲繁殖？_Mortis_2025-05-12_1905060409867740905.md
写克苏鲁应该如何避免写成中式克苏鲁？,日本,2025-07-14 19:26,69,38,17401,写克苏鲁应该如何避免写成中式克苏鲁？_Mortis_2025-07-14_1928173561350161994.md
分享一句让你一瞬间感动的歌词吧?,日本,2025-02-20 00:42,3,1,177,分享一句让你一瞬间感动的歌词吧__Mortis_2025-02-20_105399315168.md
前乐队吉他手性格大变之后很担心她，听了知乎建议去她家发现她用鞋打电话还求我让她清醒过来，我该怎么办？,日本,2025-01-31 18:30,5,1,57,前乐队吉他手性格大变之后很担心她，听了知乎建议去她家发现她用鞋打电话还求我让她清醒过来，我该怎么办？_Mortis_2025-01-31_90197444615.md
动漫《颂乐人偶》中为什么很多人说祥子人设崩坏？,日本,2025-02-09 23:42,7,1,7,动漫《颂乐人偶》中为什么很多人说祥子人设崩坏？_Mortis_2025-02-09_96894232119.md
千早爱音有望成为本年度挺王吗？,日本,2025-02-03 13:56,40,1,65,千早爱音有望成为本年度挺王吗？_Mortis_2025-02-03_91898938588.md
即将举办演唱会，贝斯、吉他和主唱却被另一个乐队的成员干扰怎么办?,日本,2025-02-19 12:54,1,1,7,即将举办演唱会，贝斯、吉他和主唱却被另一个乐队的成员干扰怎么办__Mortis_2025-02-19_104857200662.md
历史上有没有人是只有功没有过的？,日本,2025-05-20 00:10,16,0,26,历史上有没有人是只有功没有过的？_Mortis_2025-05-20_1907951318527616949.md
去年那个参加阿里数学竞赛的中专生姜某去哪了？她是数学天才吗？参加今年的高考了吗？,日本,2025-06-12 23:50,1,0,79,去年那个参加阿里数学竞赛的中专生姜某去哪了？她是数学天才吗？参加今年的高考了吗？_Mortis_2025-06-12_1916643457121902719.md
可不可以写一个性转的童话故事？,日本,2025-08-09 15:10,772,48,1060,可不可以写一个性转的童话故事？_Mortis_2025-08-09_1937531178228879456.md
可以写一个崩坏的童话故事吗？,日本,2025-08-08 17:17,50,13,681,可以写一个崩坏的童话故事吗？_Mortis_2025-08-08_1937200791669683534.md
可以写一句莫名其妙的话吗?,日本,2025-06-16 13:38,8,1,51,可以写一句莫名其妙的话吗__Mortis_2025-06-16_1917939110615716322.md
和尚自称老衲，道士自称贫道，上班族应该自称什么？,日本,2025-07-19 08:48,9,1,2,和尚自称老衲，道士自称贫道，上班族应该自称什么？_Mortis_2025-07-19_1929824872315466905.md
哪一对cp会让你觉得“这也能磕”？,日本,2025-08-27 18:42,305,20,999,哪一对cp会让你觉得“这也能磕”？_Mortis_2025-08-27_1944107553366734747.md
哪些动漫哪些瞬间让你最意难平?,日本,2025-02-06 19:21,12,0,79,哪些动漫哪些瞬间让你最意难平__Mortis_2025-02-06_94332690006.md
哪些食物可以称得上是民主食物？,日本,2025-07-12 15:40,1988,82,0,哪些食物可以称得上是民主食物？_Mortis_2025-07-12_1927391756871242802.md
喜欢上了长期素食怎么办？,日本,2025-06-12 15:18,1,1,23,喜欢上了长期素食怎么办？_Mortis_2025-06-12_1916514750965187707.md
嘶哑的喉咙、带血的手、开不了口的艺人，2025高考全国一卷作文想表达什么结合当今时代背景有什么寓意?,日本,2025-06-10 14:21,10,2,119,嘶哑的喉咙、带血的手、开不了口的艺人，2025高考全国一卷作文想表达什么结合当今时代背景有什么寓意__Mortis_2025-06-10_1915775544953385093.md
因为这个表情包，被女朋友误解我把她当成鸡，要跟我分手，怎么办？,日本,2026-02-22 13:53,24,1,15,因为这个表情包，被女朋友误解我把她当成鸡，要跟我分手，怎么办？_Mortis_2026-02-22.md
在中国儿子就那么重要吗?,日本,2025-07-12 23:34,204,14,85,在中国儿子就那么重要吗__Mortis_2025-07-12_1927511170044100949.md
在清华的时候李新野和梁植谁比较帅？,日本,2025-12-12 20:52,65,7,15,在清华的时候李新野和梁植谁比较帅？_Mortis_2025-12-12.md
地球首次短暂突破 2℃ 升温警戒线，联合国发出警告，这意味着什么？将带来哪些影响？,日本,2025-07-11 17:45,1,0,25,地球首次短暂突破 2℃ 升温警戒线，联合国发出警告，这意味着什么？将带来哪些影响？_Mortis_2025-07-11_1927060897542680724.md
城市生活中，你经历过哪些转瞬即逝却充满诗意的瞬间？,日本,2025-07-28 17:41,940,77,689,城市生活中，你经历过哪些转瞬即逝却充满诗意的瞬间？_Mortis_2025-07-28_1933220425518806920.md
多地中学发布「发型令」，家长称「剪了两次才勉强合格」，如何看待学校对学生的发型管束？教育意义何在？,日本,2025-09-14 19:37,3687,194,682,多地中学发布「发型令」，家长称「剪了两次才勉强合格」，如何看待学校对学生的发型管束？教育意义何在？_Mortis_2025-09-14_1950644285084008578.md
多少钱能解决你现在的烦恼呢？？,日本,2025-09-14 20:43,243,20,98,多少钱能解决你现在的烦恼呢？？_Mortis_2025-09-14_1950660865494852058.md
天赋到底是什么东西？,日本,2025-07-23 19:12,814,53,2176,天赋到底是什么东西？_Mortis_2025-07-23_1931431566774609624.md
女儿在写网络小说，但不让我看，是为什么？,日本,2025-08-12 17:41,1645,97,1847,女儿在写网络小说，但不让我看，是为什么？_Mortis_2025-08-12_1938656339988582681.md
女儿爱上外孙女怎么办?,日本,2025-03-07 19:10,2,0,0,女儿爱上外孙女怎么办__Mortis_2025-03-07_118892622840.md
女朋友宣称能吃出河里野生鱼和池塘里鱼的味道差别，她是在骗我吗？,日本,2025-10-27 21:51,550,20,114,女朋友宣称能吃出河里野生鱼和池塘里鱼的味道差别，她是在骗我吗？_Mortis_2025-10-27.md
女生衣着覆盖率 30% 真的不适合去公共场合吗？,日本,2025-07-10 00:46,8,3,57,女生衣着覆盖率 30% 真的不适合去公共场合吗？_Mortis_2025-07-10_1926442004490982341.md
"如何以""我可以摸摸你的尾巴吗""为开头写一个故事？",日本,2025-08-05 15:38,176,20,4752,如何以_我可以摸摸你的尾巴吗_为开头写一个故事？_Mortis_2025-08-05_1936088697276724793.md
如何以“一个正义的主角能做的最淫荡的事就是出现在邪恶反派的家门口，为开头写一个故事”?,日本,2025-02-20 12:07,30,2,59,如何以“一个正义的主角能做的最淫荡的事就是出现在邪恶反派的家门口，为开头写一个故事”__Mortis_2025-02-20_105733218301.md
如何以「一觉醒来，我变成了野生动物，而我的种群面临灭绝」为开头，写一个故事？,日本,2025-10-10 19:04,21,3,35,如何以「一觉醒来，我变成了野生动物，而我的种群面临灭绝」为开头，写一个故事？_Mortis_2025-10-10_1960058170492825899.md
如何在外形不使用猫耳猫尾元素，行为不猫叫，不做猫的动作的情况下，设计一个人人都看得出来的猫娘角色?,日本,2025-07-14 14:50,27,4,7,如何在外形不使用猫耳猫尾元素，行为不猫叫，不做猫的动作的情况下，设计一个人人都看得出来的猫娘角色__Mortis_2025-07-14_1928103979017036675.md
如何理解语文题「乘法是这样的」，为什么这么奇葩？,日本,2025-07-03 14:43,7,1,71,如何理解语文题「乘法是这样的」，为什么这么奇葩？_Mortis_2025-07-03_1924116108866197092.md
如何理解马孔多在下雨这句话？,日本,2025-10-28 18:03,4319,169,28,如何理解马孔多在下雨这句话？_Mortis_2025-10-28.md
如何用“＿＿＿耗尽英雄气，＿＿＿尽是鼠辈出”造句？,日本,2025-02-03 23:48,102,3,28,如何用“＿＿＿耗尽英雄气，＿＿＿尽是鼠辈出”造句？_Mortis_2025-02-03_92228902105.md
如何用「赤」「橙」「黄」「绿」「青」「蓝」「紫」造句？,日本,2025-03-11 21:42,5,2,28,如何用「赤」「橙」「黄」「绿」「青」「蓝」「紫」造句？_Mortis_2025-03-11_122070079402.md
如何看待 2025 年多地推出升级版「禁酒令」，明确规定工作餐不得提供高档菜肴、烟酒？,日本,2025-06-15 01:10,0,0,20,如何看待 2025 年多地推出升级版「禁酒令」，明确规定工作餐不得提供高档菜肴、烟酒？_Mortis_2025-06-15_1917388487117746473.md
如何看待B站up主温柔JUNZ的视频“请救救刘紫怡，她被戒网瘾学校抓走了”?,日本,2025-04-01 10:20,7,0,24,如何看待B站up主温柔JUNZ的视频“请救救刘紫怡，她被戒网瘾学校抓走了”__Mortis_2025-04-01_1890347738434090115.md
如何看待「剥削来源于权力，而非资本」这句话?,日本,2025-08-21 12:52,65,4,2279,如何看待「剥削来源于权力，而非资本」这句话__Mortis_2025-08-21_1941845038993769181.md
如何看待「远离宏大叙事」的说法？,日本,2026-02-23 08:44,34,6,1167,如何看待「远离宏大叙事」的说法？_Mortis_2026-02-23.md
如何看待大爷下棋输了在雨中反思4个小时?,日本,2025-08-21 18:22,54,7,277,如何看待大爷下棋输了在雨中反思4个小时__Mortis_2025-08-21_1941928256061277452.md
如何看待新华社知乎账号注销?,日本,2025-08-25 21:58,58,4,0,如何看待新华社知乎账号注销__Mortis_2025-08-25_1943432094601707749.md
如何看待电，烟，星二代，尤其是富二代的权钱接力？然而保家卫国的开国少将爷爷，爸爸老兵，当事人跑外卖？,日本,2025-08-23 17:03,121,2,69,如何看待电，烟，星二代，尤其是富二代的权钱接力？然而保家卫国的开国少将爷爷，爸爸老兵，当事人跑外卖？_Mortis_2025-08-23_1942633035708229028.md
如何看待福耀科技大学校长王树国三问中国教育？,日本,2025-05-20 10:12,6,1,211,如何看待福耀科技大学校长王树国三问中国教育？_Mortis_2025-05-20_1908102738878894959.md
如何看待网络热梗“我是 xx 的狗”，是一种自轻自贱吗？,日本,2025-06-14 17:14,1103,31,18,如何看待网络热梗“我是 xx 的狗”，是一种自轻自贱吗？_Mortis_2025-06-14_1917268737733661663.md
如何看待西贝迫于网友压力删除「七岁毛毛以为再也吃不到西贝」的虚构温情公关文?问题出在哪里？,日本,2025-09-26 00:46,2514,116,570,如何看待西贝迫于网友压力删除「七岁毛毛以为再也吃不到西贝」的虚构温情公关文_问题出在哪里？_Mortis_2025-09-26_1954708292078134417.md
如何看待近日朝鲜褒奖人民军在俄罗斯库尔斯克牺牲的战士？,日本,2025-08-24 19:11,138,8,509,如何看待近日朝鲜褒奖人民军在俄罗斯库尔斯克牺牲的战士？_Mortis_2025-08-24_1943027537346270927.md
如何看特朗普:哈佛很多学生连2+2都不会？,日本,2025-05-25 20:22,295,13,0,如何看特朗普_哈佛很多学生连2+2都不会？_Mortis_2025-05-25_1910068096284197613.md
如何称量一个鱼塘的液体重量？,日本,2025-07-25 14:27,12,1,42,如何称量一个鱼塘的液体重量？_Mortis_2025-07-25_1932084582179643766.md
如何评价 2025 年高考作文题？难度怎么样？你会怎么写？,日本,2025-06-08 01:52,8,0,1116,如何评价 2025 年高考作文题？难度怎么样？你会怎么写？_Mortis_2025-06-08_1914862211735729296.md
如何评价 2025 高考新课标 I 卷作文题：老舍、艾青、穆旦名句引发的思考？题目有哪些亮点，好写吗？,日本,2025-06-08 14:07,8,0,1457,如何评价 2025 高考新课标 I 卷作文题：老舍、艾青、穆旦名句引发的思考？题目有哪些亮点，好写吗_Mortis_2025-06-08_1915047158534641205.md
如何评价2026年2月国产轻百合动画《呼唤少女》？,日本,2026-02-18 20:44,713,22,969,如何评价2026年2月国产轻百合动画《呼唤少女》？_Mortis_2026-02-18.md
如何评价Ave Mujica的成员Mortis？,日本,2025-02-02 11:07,13,0,40,如何评价Ave Mujica的成员Mortis？_Mortis_2025-02-02_91163682570.md
如何评价b站up主逗比的雀巢发布关于何同学的视频?,日本,2025-06-04 21:12,3,0,7,如何评价b站up主逗比的雀巢发布关于何同学的视频__Mortis_2025-06-04_1913704679197636046.md
如何评价mujica第11集？,日本,2025-03-14 00:19,30,1,8,如何评价mujica第11集？_Mortis_2025-03-14_123803659748.md
如何评价RT今日俄罗斯发的微博“原神与斯大林”？,日本,2025-10-24 17:25,35,3,22,如何评价RT今日俄罗斯发的微博“原神与斯大林”？_Mortis_2025-10-24_1965106628304016347.md
如何评价《BanG Dream! Ave Mujica》第6话的剧情？,日本,2025-02-10 23:33,139,16,103,如何评价《BanG Dream! Ave Mujica》第6话的剧情？_Mortis_2025-02-10_97744083599.md
如何评价《BanG Dream! Ave Mujica》第7话？,日本,2025-02-13 23:15,3,0,288,如何评价《BanG Dream! Ave Mujica》第7话？_Mortis_2025-02-13_100321349850.md
如何评价《BanG Dream! Ave Mujica》第七话中千早爱音的表现？,日本,2025-02-15 13:47,27,6,0,如何评价《BanG Dream! Ave Mujica》第七话中千早爱音的表现？_Mortis_2025-02-15_101543928428.md
如何评价《BanG Dream! Ave Mujica》第九话？,日本,2025-03-01 22:29,23,3,562,如何评价《BanG Dream! Ave Mujica》第九话？_Mortis_2025-03-01_113860814635.md
如何评价《BanG Dream! Ave Mujica》第九集？,日本,2025-02-27 23:09,310,19,163,如何评价《BanG Dream! Ave Mujica》第九集？_Mortis_2025-02-27_112232541330.md
如何评价《BanG Dream! Ave Mujica》第八集？,日本,2025-02-23 13:51,55,4,22,如何评价《BanG Dream! Ave Mujica》第八集？_Mortis_2025-02-23_108243911890.md
如何评价《BanG Dream! Ave Mujica》第十二话？,日本,2025-03-20 23:37,21,0,8,如何评价《BanG Dream! Ave Mujica》第十二话？_Mortis_2025-03-20_128734947327.md
如何评价《BanG Dream! Ave Mujica》第十话中的三角初华（初音）？,日本,2025-03-08 14:54,16,2,13,如何评价《BanG Dream! Ave Mujica》第十话中的三角初华（初音）？_Mortis_2025-03-08_119434131301.md
如何评价《BanG Dream! Ave Mujica》第十集？,日本,2025-03-07 00:46,37,2,38,如何评价《BanG Dream! Ave Mujica》第十集？_Mortis_2025-03-07_118242630378.md
如何评价《mujica》第九集的三角初华？,日本,2025-03-03 22:36,4,0,487,如何评价《mujica》第九集的三角初华？_Mortis_2025-03-03_115519927470.md
如何评价《大展鸿图》这首歌？为什么火起来了？,日本,2025-07-05 13:02,22,15,14,如何评价《大展鸿图》这首歌？为什么火起来了？_Mortis_2025-07-05_1924815409951010899.md
如何评价《颂乐人偶》第九集？,日本,2025-02-27 23:50,10,3,0,如何评价《颂乐人偶》第九集？_Mortis_2025-02-27_112260561595.md
如何评价《颂乐人偶》第八集？,日本,2025-02-20 23:25,84,7,166,如何评价《颂乐人偶》第八集？_Mortis_2025-02-20_106262664090.md
如何评价「MyGO!!!!!」主唱高松灯?,日本,2025-05-08 00:21,37,3,82,如何评价「MyGO!!!!!」主唱高松灯__Mortis_2025-05-08_1903605403780117882.md
如何评价傅首尔长相？,日本,2025-05-21 16:26,204,3,16,如何评价傅首尔长相？_Mortis_2025-05-21_1908559243524707046.md
如何评价动画《BanG Dream! Ave Mujica》第七话？,日本,2025-02-19 13:11,95,8,376,如何评价动画《BanG Dream! Ave Mujica》第七话？_Mortis_2025-02-19_104872382610.md
如何评价动画《颂乐人偶》的主唱三角初华?,日本,2025-02-24 21:53,10,2,22,如何评价动画《颂乐人偶》的主唱三角初华__Mortis_2025-02-24_109422163489.md
如何评价动画片《BanG Dream! Ave Mujica》第九话?,日本,2025-02-28 00:22,0,0,0,如何评价动画片《BanG Dream! Ave Mujica》第九话__Mortis_2025-02-28_112279343465.md
如何评价动画片《BanG Dream! Ave Mujica》第十话?,日本,2025-03-07 00:49,157,18,20,如何评价动画片《BanG Dream! Ave Mujica》第十话__Mortis_2025-03-07_118243245508.md
如何评价大爷做街头挑战写的《我的母亲》这篇作文？,日本,2025-07-14 12:41,83,4,359,如何评价大爷做街头挑战写的《我的母亲》这篇作文？_Mortis_2025-07-14_1928071539225523909.md
如何评价大胃袋良子这一块？,日本,2025-06-20 20:06,3616,88,17,如何评价大胃袋良子这一块？_Mortis_2025-06-20_1919486395870865154.md
如何评价猫娘神？,日本,2025-05-26 21:01,16,0,24,如何评价猫娘神？_Mortis_2025-05-26_1910440438210470688.md
如何评价番剧《BanG Dream: Ave mujica》第六集？,日本,2025-02-05 00:08,11,0,12,如何评价番剧《BanG Dream_ Ave mujica》第六集？_Mortis_2025-02-05_92900722393.md
如何评价知乎用户“牡丹峰Moranbong”？,日本,2025-03-19 22:07,330,9,12,如何评价知乎用户“牡丹峰Moranbong”？_Mortis_2025-03-19_128020557889.md
如何评价知名女声优进藤天音出轨?,日本,2025-07-25 21:51,304,16,143,如何评价知名女声优进藤天音出轨__Mortis_2025-07-25_1932196349715125622.md
如何评价纽约时报爆料马斯克吸毒膀胱病变？,日本,2025-06-02 19:48,0,0,42,如何评价纽约时报爆料马斯克吸毒膀胱病变？_Mortis_2025-06-02_1912958689054273733.md
如何评价董明珠说“海龟里面有间谍”这句话？,日本,2025-05-24 16:05,11,1,61,如何评价董明珠说“海龟里面有间谍”这句话？_Mortis_2025-05-24_1909641269774389825.md
如果丰川祥子和骆驼祥子互换身体穿越会发生什么?,日本,2025-03-14 11:25,2,0,11,如果丰川祥子和骆驼祥子互换身体穿越会发生什么__Mortis_2025-03-14_124045409334.md
如果从此刻起，世界上所有的人都无条件服从你的命令，你只能做三件事，你会做哪三件？,日本,2025-03-10 13:20,3,2,49,如果从此刻起，世界上所有的人都无条件服从你的命令，你只能做三件事，你会做哪三件？_Mortis_2025-03-10_120878790386.md
如果你是ob一串字母女士，你危急关头获得了一生只能使用一次的时停能力，你会不会用在阻止喵梦摘面具上？,日本,2025-02-04 22:37,1,0,21,如果你是ob一串字母女士，你危急关头获得了一生只能使用一次的时停能力，你会不会用在阻止喵梦摘面具上？_Mortis_2025-02-04_92847409727.md
如果你高考 670 以上，会报福耀科技大学吗？,日本,2025-07-10 11:52,411,18,17,如果你高考 670 以上，会报福耀科技大学吗？_Mortis_2025-07-10_1926609595968787109.md
如果把邦多利所有角色拉进一个聊天群会发生什么？,日本,2025-02-10 00:02,72,0,22,如果把邦多利所有角色拉进一个聊天群会发生什么？_Mortis_2025-02-10_96905879657.md
如果给你15块，让你用千早爱音组个乐队，你会怎么选?,日本,2025-02-07 10:28,241,15,120,如果给你15块，让你用千早爱音组个乐队，你会怎么选__Mortis_2025-02-07_94730056281.md
如果给历史上的罪人排个名，你觉得谁能排第一？?,日本,2025-06-03 21:27,6,3,21,如果给历史上的罪人排个名，你觉得谁能排第一？__Mortis_2025-06-03_1913346113488004835.md
如果让你点外卖给古代皇帝吃，你觉得你点什么最保险，至少不会惹怒皇帝？,日本,2025-08-09 13:25,4822,385,20,如果让你点外卖给古代皇帝吃，你觉得你点什么最保险，至少不会惹怒皇帝？_Mortis_2025-08-09_1937504740708692790.md
姜萍有可能未来获得菲尔兹奖吗？,日本,2025-07-14 18:28,5,1,18,姜萍有可能未来获得菲尔兹奖吗？_Mortis_2025-07-14_1928158872708821061.md
媚眼如丝是什么样子？,日本,2025-08-15 15:10,393,37,962,媚眼如丝是什么样子？_Mortis_2025-08-15_1939705397977027319.md
学了三年古典魔法，有些后悔，现在改学大火的元素魔法或者材料魔法还来得及吗？,日本,2026-02-25 19:24,20,2,894,学了三年古典魔法，有些后悔，现在改学大火的元素魔法或者材料魔法还来得及吗？_Mortis_2026-02-25.md
官方通报杭州自来水异味，初步查明系特定条件藻类厌氧降解产生的硫醚类物质，这是什么物质？对健康有影响吗？,日本,2025-07-19 20:52,100,10,0,官方通报杭州自来水异味，初步查明系特定条件藻类厌氧降解产生的硫醚类物质，这是什么物质？对健康有影响吗_Mortis_2025-07-19_1930007155676775296.md
家长把伴随小孩数年的宠物杀了做菜，B 站相关视频中出现大量「杀光中国家长」的弹幕，有哪些信息值得关注？,日本,2025-07-12 00:01,710,108,1162,家长把伴随小孩数年的宠物杀了做菜，B 站相关视频中出现大量「杀光中国家长」的弹幕，有哪些信息值得关注_Mortis_2025-07-12_1927155441525331468.md
对一个人下头的瞬间是什么？,日本,2025-10-23 23:55,2473,151,21,对一个人下头的瞬间是什么？_Mortis_2025-10-23_1964842311549695506.md
工业克苏鲁什么意思?,日本,2025-07-06 09:18,1,1,11,工业克苏鲁什么意思__Mortis_2025-07-06_1925121339435508780.md
希特勒在中国的人气很高吗？,日本,2025-06-03 00:17,29,4,50,希特勒在中国的人气很高吗？_Mortis_2025-06-03_1913026396764247428.md
帮人代打，号主疑似弃号怎么办？,日本,2025-02-01 09:47,14,5,628,帮人代打，号主疑似弃号怎么办？_Mortis_2025-02-01_90514961599.md
广井菊里、伊地知星歌、丰川清告、河原木桃香和RUPA来了，但你只准备了四罐酒，高情商的你如何处理此事？,日本,2025-05-22 10:38,0,2,71,广井菊里、伊地知星歌、丰川清告、河原木桃香和RUPA来了，但你只准备了四罐酒，高情商的你如何处理此事_Mortis_2025-05-22_1908834180504215874.md
庙里的和尚一个个满面红光的，他们真的不吃肉吗？,日本,2025-10-16 10:27,455,42,51,庙里的和尚一个个满面红光的，他们真的不吃肉吗？_Mortis_2025-10-16_1962102257010074755.md
建议让全国各地所有中小学一律统一让女性剪齐耳短发 都要剪短发 一律实行一刀切 你们支持吗？,日本,2025-07-12 17:21,205,10,32,建议让全国各地所有中小学一律统一让女性剪齐耳短发 都要剪短发 一律实行一刀切 你们支持吗？_Mortis_2025-07-12_1927417407485478818.md
当一个人知道自己快要死了，会恐惧吗？,日本,2025-07-19 10:57,153,13,2442,当一个人知道自己快要死了，会恐惧吗？_Mortis_2025-07-19_1929857264010895593.md
怀孕的魔法少女还能战斗吗?,日本,2025-07-16 22:05,69,1,57,怀孕的魔法少女还能战斗吗__Mortis_2025-07-16_1928938361269233564.md
我是mortis墨缇丝，如何让小睦不那么惦记着祥子酱？,日本,2025-02-09 23:53,9,2,32,我是mortis墨缇丝，如何让小睦不那么惦记着祥子酱？_Mortis_2025-02-09_96900859661.md
我是乐队鼓手，我们乐队的主唱突然问到底什么是幸福，我该怎么回复？,日本,2025-02-07 12:44,272,27,182,我是乐队鼓手，我们乐队的主唱突然问到底什么是幸福，我该怎么回复？_Mortis_2025-02-07_94855985321.md
我觉得《魔法少女小圆》里的丘比是功臣，我的这个认知有偏差吗？,日本,2025-04-13 07:20,191,2,37,我觉得《魔法少女小圆》里的丘比是功臣，我的这个认知有偏差吗？_Mortis_2025-04-13_1894651083500011839.md
所以，困住自己的到底是什么？,日本,2025-08-14 23:05,379,31,1009,所以，困住自己的到底是什么？_Mortis_2025-08-14_1939462586308486701.md
把一件事坚持30天会怎么样？,日本,2025-08-02 15:30,3014,139,730,把一件事坚持30天会怎么样？_Mortis_2025-08-02_1934999538323657884.md
据说《哪吒2》在日本上映门票被抢光，这会不会对日本动漫产生深远的影响？,日本,2025-03-28 20:12,9,3,21,据说《哪吒2》在日本上映门票被抢光，这会不会对日本动漫产生深远的影响？_Mortis_2025-03-28_1889047126106940974.md
敢不敢留下一张自拍照让人打分？,日本,2025-06-15 01:25,77,4,57,敢不敢留下一张自拍照让人打分？_Mortis_2025-06-15_1917392304152482514.md
数学中，你最服的技巧是哪个？,日本,2025-07-13 16:05,276,20,114,数学中，你最服的技巧是哪个？_Mortis_2025-07-13_1927760565486466057.md
文笔挑战：“月印千江水”，  ——----。下一句该怎么接？,日本,2025-02-02 22:01,5,0,5,文笔挑战：“月印千江水”，  ——----。下一句该怎么接？_Mortis_2025-02-02_91519568301.md
斯奎奇大王（牢A）为什么那么多人信？,日本,2026-02-20 20:14,21,3,35,斯奎奇大王（牢A）为什么那么多人信？_Mortis_2026-02-20.md
新高二生，感觉已经悟到了天道怎么办？,日本,2026-02-23 11:28,220,16,1887,新高二生，感觉已经悟到了天道怎么办？_Mortis_2026-02-23.md
方大同离世和长期素食有关吗?,日本,2025-03-05 19:47,24,1,25,方大同离世和长期素食有关吗__Mortis_2025-03-05_117198175941.md
日出而作，下一句是什么？,日本,2025-08-01 18:13,44,8,4,日出而作，下一句是什么？_Mortis_2025-08-01_1934678151759369086.md
明明看到当妈妈很累，为什么有人还愿意做妈妈？,日本,2025-05-08 22:08,11,2,572,明明看到当妈妈很累，为什么有人还愿意做妈妈？_Mortis_2025-05-08_1903934306881103663.md
普通和理所当然的区别是什么?,日本,2025-06-08 15:40,6,0,36,普通和理所当然的区别是什么__Mortis_2025-06-08_1915070716887430880.md
普通老百姓撞了豪车，是不是真该毁一生？,日本,2025-02-01 14:13,1,0,31,普通老百姓撞了豪车，是不是真该毁一生？_Mortis_2025-02-01_90668726293.md
最近写的两首诗，求锐评?,日本,2025-06-09 15:41,5,4,205,最近写的两首诗，求锐评__Mortis_2025-06-09_1915433378909487676.md
有一个妹妹是种怎样的体验？,日本,2025-08-21 23:31,1875,104,807,有一个妹妹是种怎样的体验？_Mortis_2025-08-21_1942006031245898352.md
有人敲门，开水开了，电话响了，孩子哭了，你先顾谁？,日本,2025-07-15 14:31,172,29,702,有人敲门，开水开了，电话响了，孩子哭了，你先顾谁？_Mortis_2025-07-15_1928461643232309827.md
有人知道这种章鱼的具体名字吗？,日本,2025-01-30 14:30,430,25,256,有人知道这种章鱼的具体名字吗？_Mortis_2025-01-30_89519685536.md
有哪一刻，你觉得是在被自己的小猫好好守护着的？,日本,2025-08-22 13:25,196,29,1771,有哪一刻，你觉得是在被自己的小猫好好守护着的？_Mortis_2025-08-22_1942215868370105133.md
有哪些很短的恐怖故事？,日本,2025-08-23 21:33,109,17,1418,有哪些很短的恐怖故事？_Mortis_2025-08-23_1942701020493878338.md
有哪些歌词被你听错了很久，知道真相后感到哭笑不得？,日本,2025-11-06 10:11,26,2,22,有哪些歌词被你听错了很久，知道真相后感到哭笑不得？_Mortis_2025-11-06.md
有哪些看起来热量很高，实际热量却很低的食物？,日本,2025-02-24 22:18,11,7,13,有哪些看起来热量很高，实际热量却很低的食物？_Mortis_2025-02-24_109441050086.md
有哪些高颜值的摇滚乐手？,日本,2025-07-15 19:17,21,5,0,有哪些高颜值的摇滚乐手？_Mortis_2025-07-15_1928533643116122526.md
有天赋的作家写出来的文字是什么样的？,日本,2025-07-28 12:44,806,46,837,有天赋的作家写出来的文字是什么样的？_Mortis_2025-07-28_1933145888143958779.md
有没有那种能把我虐哭的短篇小虐文，要那种虐的肝疼的？,日本,2025-08-20 09:45,110,14,6702,有没有那种能把我虐哭的短篇小虐文，要那种虐的肝疼的？_Mortis_2025-08-20_1941435771576885272.md
有目击者称，看到若叶睦去海玲家。这是真的吗？,日本,2025-02-21 00:20,4,0,7,有目击者称，看到若叶睦去海玲家。这是真的吗？_Mortis_2025-02-21_106293478960.md
木柜子乐队这个词的含义是什么？,日本,2025-01-30 20:53,8,1,59,木柜子乐队这个词的含义是什么？_Mortis_2025-01-30_89693619341.md
极度疲劳下，人一次最多能睡多久？,日本,2025-04-28 19:50,11,0,13,极度疲劳下，人一次最多能睡多久？_Mortis_2025-04-28_1900275666496258191.md
母鸡卡、卖狗、库来西库这三个乐队再加一个sumimi共计11个人，谁更能打？,日本,2025-03-02 22:33,12,1,355,母鸡卡、卖狗、库来西库这三个乐队再加一个sumimi共计11个人，谁更能打？_Mortis_2025-03-02_114610460991.md
汉族的第一伟人是谁？,日本,2025-07-06 11:15,9,0,3,汉族的第一伟人是谁？_Mortis_2025-07-06_1925150900223189339.md
满族人的性格是怎样的？,日本,2025-07-25 12:54,601,66,948,满族人的性格是怎样的？_Mortis_2025-07-25_1932061151505675397.md
演员到底有多吃天赋？,日本,2025-02-06 19:43,7,2,75,演员到底有多吃天赋？_Mortis_2025-02-06_94345392345.md
濒死体验是否真实存在？可以解读为灵魂出窍吗？,日本,2025-09-13 19:03,1049,72,825,濒死体验是否真实存在？可以解读为灵魂出窍吗？_Mortis_2025-09-13_1950273358441718396.md
爸爸拿我和“谷爱凌”比，我该怎么办？,日本,2025-05-12 10:37,4,1,10,爸爸拿我和“谷爱凌”比，我该怎么办？_Mortis_2025-05-12_1905210022134286219.md
环球小姐因伪造学历获刑 240 天，暴露出哪些问题？选美行业为什么也会有学历崇拜？,日本,2025-05-12 00:47,67,4,19,环球小姐因伪造学历获刑 240 天，暴露出哪些问题？选美行业为什么也会有学历崇拜？_Mortis_2025-05-12_1905061487384466020.md
男人为什么到了一定年纪就喜欢喝酒？,日本,2025-11-03 23:52,43,5,8,男人为什么到了一定年纪就喜欢喝酒？_Mortis_2025-11-03.md
男子分享妈妈亲手缝的 NIKE 书包火了，耐克回应缝得真棒，你收到过哪些家人为自己亲手制作的「爱」？,日本,2025-09-16 18:25,596,17,562,男子分享妈妈亲手缝的 NIKE 书包火了，耐克回应缝得真棒，你收到过哪些家人为自己亲手制作的「爱」？_Mortis_2025-09-16_1951350963714626338.md
白酒是否在失去在 00 后一代人的市场?,日本,2025-07-07 17:20,11,0,19,白酒是否在失去在 00 后一代人的市场__Mortis_2025-07-07_1925605025075398645.md
看Ave Mujica时发觉自己哪方面都不像丰川祥子怎么办？,日本,2025-06-13 17:24,2,0,18,看Ave Mujica时发觉自己哪方面都不像丰川祥子怎么办？_Mortis_2025-06-13_1916908825283387891.md
看mygo时发觉每个女孩都特别像我孩子怎么办?,日本,2025-04-29 12:41,8,0,21,看mygo时发觉每个女孩都特别像我孩子怎么办__Mortis_2025-04-29_1900530004368012343.md
真正的释怀是一种什么样的感觉？,日本,2025-08-17 17:22,159,15,876,真正的释怀是一种什么样的感觉？_Mortis_2025-08-17_1940463417753330490.md
知乎 ID 角色扮演是怎么玩起来的呢？,日本,2025-01-28 19:18,191,37,75,知乎 ID 角色扮演是怎么玩起来的呢？_Mortis_2025-01-28_88581466599.md
禁止哪项技术后可将人类文明锁死在中世纪？,日本,2025-07-11 11:03,2,0,2,禁止哪项技术后可将人类文明锁死在中世纪？_Mortis_2025-07-11_1926959768775422522.md
网恋的你们现在怎么样了？,日本,2025-08-14 12:54,298,46,1046,网恋的你们现在怎么样了？_Mortis_2025-08-14_1939308910545700606.md
能不能留下一些莫名其妙的话再走？,日本,2025-08-24 12:19,315,32,2673,能不能留下一些莫名其妙的话再走？_Mortis_2025-08-24_1942923897746991011.md
自己的宗教信仰被人严重冒犯，感到愤怒又难过，应当怎么正确面对？,日本,2025-08-01 14:31,135,2,0,自己的宗教信仰被人严重冒犯，感到愤怒又难过，应当怎么正确面对？_Mortis_2025-08-01_1934622288453546062.md
要怎样的经济水平才能养得起一个日本动画里面的女仆？,日本,2025-11-06 20:59,266,18,2101,要怎样的经济水平才能养得起一个日本动画里面的女仆？_Mortis_2025-11-06.md
解函数方程f^2(x)+f^2(y)=f(x+y)f(x-y)+1?,日本,2025-06-16 17:46,0,0,25,解函数方程f^2(x)+f^2(y)=f(x+y)f(x-y)+1__Mortis_2025-06-16_1918001395287695927.md
评价一下Ave Mujica团队的神人程度?,日本,2025-02-19 21:18,67,11,915,评价一下Ave Mujica团队的神人程度__Mortis_2025-02-19_105264692495.md
诗歌能写好城市生活吗？有哪些成功例子？,日本,2025-07-15 14:18,14,2,396,诗歌能写好城市生活吗？有哪些成功例子？_Mortis_2025-07-15_1928458287982023753.md
说实话，你愿意与韦东奕交换人生吗？,日本,2025-06-28 15:54,2,1,18,说实话，你愿意与韦东奕交换人生吗？_Mortis_2025-06-28_1922322021217449544.md
请你说出一位鲜为人知的中共重要党史人物？,日本,2025-06-28 16:52,94,17,22,请你说出一位鲜为人知的中共重要党史人物？_Mortis_2025-06-28_1922336649762828608.md
请在队内已经有祐天寺若麦的情况下，组建你的少女乐队（5人，不允许炸团），现在你有15块，你会怎么选？,日本,2025-02-04 20:12,105,10,31,请在队内已经有祐天寺若麦的情况下，组建你的少女乐队（5人，不允许炸团），现在你有15块，你会怎么选？_Mortis_2025-02-04_92757956087.md
谁能告诉我活着是为了什么？,日本,2025-10-16 14:06,1429,120,1220,谁能告诉我活着是为了什么？_Mortis_2025-10-16_1962157386786648321.md
谢惠民教授于 9 月 2 日辞世，如何评价他的一生？,日本,2025-09-03 00:09,30,10,6,谢惠民教授于 9 月 2 日辞世，如何评价他的一生？_Mortis_2025-09-03.md
这首短诗怎么样?,日本,2025-06-19 16:25,4,1,461,这首短诗怎么样__Mortis_2025-06-19_1919068385402134534.md
都说全女模式不行，那么请问有没有全女模式能行的案例？,日本,2025-06-13 00:06,33,7,0,都说全女模式不行，那么请问有没有全女模式能行的案例？_Mortis_2025-06-13_1916647622204199104.md
重生者应该怎么利用信息差？,日本,2025-03-05 00:14,3,0,24,重生者应该怎么利用信息差？_Mortis_2025-03-05_116473767595.md
野史究竟能有多野？,日本,2025-11-16 21:05,76,8,41,野史究竟能有多野？_Mortis_2025-11-16.md
韦东奕你对这个数学天才怎么看？,日本,2025-06-11 10:09,1,0,18,韦东奕你对这个数学天才怎么看？_Mortis_2025-06-11_1916074441080837829.md
高三放纵一个下午有影响吗？,日本,2025-07-24 15:10,49,4,683,高三放纵一个下午有影响吗？_Mortis_2025-07-24_1931732941194633444.md
高中是什么样的啊？很青春吗？,日本,2025-11-06 22:35,6064,182,1525,高中是什么样的啊？很青春吗？_Mortis_2025-11-06.md
